FILE,Z_ABS,LOG_NHI,Z_TOT,DELTA,DV_90,Z_QSO
output/abs_templates/PAQS_absorber_000001.fits,2.379724128209233,21.624748251711,-1.34624429862432,0.27661848000952655,417.2452611234469,2.784925536851386
output/abs_templates/PAQS_absorber_000005.fits,2.7319735369978484,21.10399080369483,-1.7777326470586863,0.26722051983960227,481.6194607808273,3.9734595311916774
output/abs_templates/PAQS_absorber_000005.fits,3.6213128342243204,21.506539085389544,-1.9118155867553388,-0.11219219959841831,371.66073369991295,3.9734595311916774
output/abs_templates/PAQS_absorber_000010.fits,2.265214650740848,20.31351194868706,-1.4164596649533947,0.17615076367092167,218.59836044721624,3.64916032412171
output/abs_templates/PAQS_absorber_000011.fits,3.186706722385186,21.010848546619616,-0.8343136247440062,1.070666107333165,347.89617432998944,3.7687209387387455
output/abs_templates/PAQS_absorber_000013.fits,2.2436961505018336,21.82615325595397,-1.9878394301240527,-0.42858616198673427,273.9907375047634,2.982866748428112
output/abs_templates/PAQS_absorber_000014.fits,3.3298558229229536,20.943503465397317,-2.379288164304458,-0.34202729479387084,371.2555040391201,3.9625288985440132
output/abs_templates/PAQS_absorber_000018.fits,3.1614125467137013,21.072509818012154,-1.5947912869914436,0.22132325132156885,335.24690801289523,3.891521880584171
output/abs_templates/PAQS_absorber_000018.fits,3.177389837181838,20.554260515881072,-1.1555798311979428,0.404335404859807,296.59873324527916,3.891521880584171
output/abs_templates/PAQS_absorber_000018.fits,3.735408864593521,21.491782788834474,-1.0713637101541074,0.38357942249326316,343.8258620082523,3.891521880584171
output/abs_templates/PAQS_absorber_000019.fits,2.261449900099792,21.684633312361115,-2.1030374998269648,-0.527154073265564,345.32944727745553,3.0262169731846345
output/abs_templates/PAQS_absorber_000019.fits,2.8047037704867064,21.548726335062135,-1.3253324340279218,0.2949079433211178,264.5171755400458,3.0262169731846345
output/abs_templates/PAQS_absorber_000022.fits,3.445417281714091,21.91483420433376,-1.0070153293931265,0.7030819491447798,489.16731426744116,3.820547513092749
output/abs_templates/PAQS_absorber_000024.fits,3.2626748295883266,20.420139093952763,-1.6706898428205275,0.21266522850462252,374.5434223515818,3.263324707710038
output/abs_templates/PAQS_absorber_000024.fits,3.0699947543824373,20.699600622881764,-0.5933518382104258,0.8656855233537324,456.400825239945,3.263324707710038
output/abs_templates/PAQS_absorber_000030.fits,2.060842405805399,20.612719400517687,-1.2962687104986923,0.8911762334920951,320.99298628704435,3.7671480654631724
output/abs_templates/PAQS_absorber_000030.fits,3.7268284320087597,21.342628563221815,-1.7243082771709413,0.12164860809136782,246.67109704226596,3.7671480654631724
output/abs_templates/PAQS_absorber_000032.fits,2.0668139633979745,20.996350524009102,-1.5156617093424443,-0.001389764421806966,478.6526263387564,2.5972351163928735
output/abs_templates/PAQS_absorber_000034.fits,2.168236644862383,21.45570494189565,-1.0492436162553105,0.46027094088982384,237.35347015231602,2.621233141176777
output/abs_templates/PAQS_absorber_000035.fits,3.6233037982585654,20.656048341085064,-1.6084672882802475,0.17442859804098734,281.1916181343732,3.9226658061959623
output/abs_templates/PAQS_absorber_000036.fits,2.751420337464064,21.548882137993296,-1.6277459155232838,-0.1488263752578677,246.967587787923,3.14306269928961
output/abs_templates/PAQS_absorber_000036.fits,2.77001875561095,21.3904441655999,-2.069669603899664,-0.25068619665861747,239.82226066706932,3.14306269928961
output/abs_templates/PAQS_absorber_000037.fits,2.104903924280646,21.630125213712397,-0.8584363833042207,0.7054774886248278,364.53939233354004,3.4902976127574217
output/abs_templates/PAQS_absorber_000037.fits,3.182633087779528,20.362357096019508,-1.5702960533496106,0.2305879822844965,459.55164144534285,3.4902976127574217
output/abs_templates/PAQS_absorber_000037.fits,3.023808462241588,21.368849325366977,-1.5194575281723086,0.26872944889565087,499.39207150598696,3.4902976127574217
output/abs_templates/PAQS_absorber_000041.fits,2.1423641038801664,20.356072111843115,-1.0324470976817028,0.4014284366224395,203.8984882731182,3.129371747359823
output/abs_templates/PAQS_absorber_000043.fits,2.1983611043394427,21.4419340373557,-1.2996191198548865,-0.002107002896583554,426.799870475848,2.551645084013506
output/abs_templates/PAQS_absorber_000045.fits,3.0378226845175647,21.35717523189084,-1.4289322260895645,0.09843368331556805,356.0596301123188,3.148676987467785
output/abs_templates/PAQS_absorber_000049.fits,2.694490398805791,20.989857196268275,-2.1241746532978993,-0.26007976365367064,415.2424999738818,2.7194432518383937
output/abs_templates/PAQS_absorber_000052.fits,2.628085980863328,21.068606805181762,-2.599234009254153,-0.665995889809529,443.0951030374284,3.1726033472614517
output/abs_templates/PAQS_absorber_000054.fits,2.101391779576549,21.336939481973523,-1.4345509433286696,0.24386493611394663,242.5524893852599,2.538242113412793
output/abs_templates/PAQS_absorber_000056.fits,3.3051845616357465,20.582695072211184,-1.2909210565422151,0.2908764427937125,301.7918123300104,3.5925432618932223
output/abs_templates/PAQS_absorber_000056.fits,3.2977879339312834,21.44074591061041,-1.8764943852201108,-0.501580829361232,382.82083016929533,3.5925432618932223
output/abs_templates/PAQS_absorber_000057.fits,2.2079682978519477,21.90508314320329,-0.963846751427465,0.8190122297933493,413.82266178485685,3.714905087531858
output/abs_templates/PAQS_absorber_000057.fits,3.324035136706327,20.32215442006277,-1.55306876857043,0.17317194691286833,352.52203207485644,3.714905087531858
output/abs_templates/PAQS_absorber_000059.fits,2.527942928003037,20.993481636173875,-1.9257008434609106,-0.3316516153818375,224.96955269942336,2.8677460119763705
output/abs_templates/PAQS_absorber_000061.fits,2.762207729237208,20.698015732201178,-1.0452649042306,0.7175820240011809,328.41372096225916,3.666029070939389
output/abs_templates/PAQS_absorber_000061.fits,2.9486470795582145,21.822065563830154,-1.2249473755752889,0.4315900860245784,415.4648366698185,3.666029070939389
output/abs_templates/PAQS_absorber_000062.fits,3.760376794965445,21.44175641136997,-1.9738371195462898,-0.5416606324972827,346.810228407677,3.801581748233823
output/abs_templates/PAQS_absorber_000072.fits,3.4503287295426746,20.644798927196156,-0.9210481571376522,0.35876906864086655,406.60611336219733,3.83551690256206
output/abs_templates/PAQS_absorber_000077.fits,2.872571457386002,21.01921482430618,-1.3490012696664384,0.10485672322276526,260.3221145993991,3.6938853347944893
output/abs_templates/PAQS_absorber_000077.fits,2.8098612698086547,21.362329589996143,-2.2942620901059634,-0.4781632545562235,371.4909200014643,3.6938853347944893
output/abs_templates/PAQS_absorber_000078.fits,2.633184455610719,21.277579063886108,-1.0432014166717969,0.34953740991993676,318.2492561130771,3.1009225554412794
output/abs_templates/PAQS_absorber_000079.fits,2.2731833605780545,20.65442020427616,-1.0732891116669743,0.07509466591232294,473.6912756809517,2.8612587384927735
output/abs_templates/PAQS_absorber_000082.fits,3.2114979727981403,20.705607361876936,-0.6076349655771354,0.7713569456309046,423.91885581368615,3.7363807290856705
output/abs_templates/PAQS_absorber_000085.fits,2.3095631689602594,21.004200950346295,-2.0653617253446512,-0.25424590232815286,250.1314611988269,2.4412040288224293
output/abs_templates/PAQS_absorber_000089.fits,2.478334031837882,20.80167040159979,-1.2626805994972214,0.37833322763308896,456.2986458430652,3.15929501187491
output/abs_templates/PAQS_absorber_000089.fits,2.7411486133714704,20.68389790161673,-1.008113271971115,0.8419847527803227,216.14009943005917,3.15929501187491
output/abs_templates/PAQS_absorber_000089.fits,2.5721622043580523,21.308262050883037,-1.5852249964191958,0.05222616674787371,460.87590595359205,3.15929501187491
output/abs_templates/PAQS_absorber_000089.fits,2.92030289897221,21.34650584347425,-0.6844856643423888,0.5627312411676072,438.9798337796861,3.15929501187491
output/abs_templates/PAQS_absorber_000093.fits,3.1401178916205983,21.58393780496589,-1.4962510066894512,0.1382199436504677,260.147324089673,3.6858992662660452
output/abs_templates/PAQS_absorber_000093.fits,2.9946464912132007,21.379820247656077,-1.7119946726231394,-0.059353699893942555,360.9200241096697,3.6858992662660452
output/abs_templates/PAQS_absorber_000096.fits,2.4988994119820904,21.323797734615628,-3.0837517728835317,-0.6598480580237547,300.6575046299713,3.0147176626707965
output/abs_templates/PAQS_absorber_000099.fits,2.116961412042038,20.41882403718129,-2.029936023675212,-0.06616289471034487,259.5683332268938,3.319343494617218
output/abs_templates/PAQS_absorber_000099.fits,2.5692938346835468,20.49155312825273,-1.1476823152707323,0.3676299043924123,484.38868098097333,3.319343494617218
output/abs_templates/PAQS_absorber_000102.fits,2.1542317005548908,20.40922346562955,-0.973619511542566,0.5748665420798571,441.8069227814955,3.0312128674905354
output/abs_templates/PAQS_absorber_000105.fits,2.33114354894028,20.33248585229435,-0.7674038251439514,0.9517776385957455,357.8961641628854,3.1535729246909163
output/abs_templates/PAQS_absorber_000105.fits,2.975463616566093,20.682764619416307,-1.2932920209411114,0.20258748769278317,370.27455949636567,3.1535729246909163
output/abs_templates/PAQS_absorber_000105.fits,2.9311143766119656,21.381789311102505,-1.3268964207509755,0.24901286396214334,439.6635805110234,3.1535729246909163
output/abs_templates/PAQS_absorber_000106.fits,2.8091211979726896,20.38685726430801,-1.874973678899437,-0.30068781182450177,446.3957461309951,2.883044548398718
output/abs_templates/PAQS_absorber_000107.fits,3.194616953137669,20.456306046364887,-1.7324242006623967,-0.03502943037217289,423.5531563181511,3.5098694927536314
output/abs_templates/PAQS_absorber_000107.fits,3.4103949251756758,21.973304460592566,-2.02819044421768,-0.27630738997584875,344.3796601105397,3.5098694927536314
output/abs_templates/PAQS_absorber_000108.fits,2.5424096031943137,20.80348528725746,-1.0007299167607036,0.5708980060465334,368.4871256864882,3.09067639842325
output/abs_templates/PAQS_absorber_000110.fits,2.868479426111054,21.459790392546886,-0.849564960550125,1.1587811264000485,477.84111380843405,3.417563188361174
output/abs_templates/PAQS_absorber_000111.fits,2.123839897814803,20.389706697831205,-1.3891670512258658,-0.14440038281966477,319.9762162804185,2.4728379887667
output/abs_templates/PAQS_absorber_000112.fits,2.420524070562726,20.344664461782088,-1.8397692525716427,-0.06841828098950993,279.4103865148811,3.5812090772533054
output/abs_templates/PAQS_absorber_000112.fits,2.3717362536474322,21.53909353160056,-1.2505090993317023,0.3328207103780392,331.0129693815858,3.5812090772533054
output/abs_templates/PAQS_absorber_000113.fits,2.0886465282665525,20.367006760040567,-1.3235255490873334,0.09268189456602272,342.3835385898658,3.172895631354804
output/abs_templates/PAQS_absorber_000113.fits,2.2302330288680596,20.803753519274927,-1.4500747197157744,0.17068795454176441,334.92369224072206,3.172895631354804
output/abs_templates/PAQS_absorber_000114.fits,2.9513389406228754,20.681336362130455,-2.262074395630349,-0.2840053920250434,422.3917172599447,2.9997230913907185
output/abs_templates/PAQS_absorber_000114.fits,2.399373793887772,21.499619313407422,-1.7126985836718176,-0.18052147631909612,245.50742280194913,2.9997230913907185
output/abs_templates/PAQS_absorber_000122.fits,2.2361247429907443,21.075064020904584,-0.6435267570773285,0.693234590416949,449.3733804613661,2.333324520319404
output/abs_templates/PAQS_absorber_000125.fits,2.2962063494123592,20.340803696112157,-1.166547629914338,0.33688354535283,376.31988146380775,2.630064887683492
output/abs_templates/PAQS_absorber_000126.fits,2.19353819033863,20.79618656763328,-0.8375272993298953,0.3333873580127021,282.46002084550554,2.610526923192559
output/abs_templates/PAQS_absorber_000133.fits,3.5982798978742334,21.18169553559879,-0.736299458697224,0.5623753345625575,465.3057403629983,3.9506484283094734
output/abs_templates/PAQS_absorber_000134.fits,2.310398685230912,20.940066754871864,-2.0343274619772327,0.21122965863869725,452.8510787144635,3.2815823474596932
output/abs_templates/PAQS_absorber_000135.fits,2.464251939871258,20.60813356786185,-1.466554919551668,0.2337992140782711,240.23291360263036,2.9213482306088916
output/abs_templates/PAQS_absorber_000136.fits,2.6099129734077784,20.970058342591877,-1.0580620812684882,0.3835248042614496,247.57332933941666,3.812595696390935
output/abs_templates/PAQS_absorber_000136.fits,2.4679049962092496,20.568286157859397,-0.9643331196735747,0.28395005316616445,316.46829340278657,3.812595696390935
output/abs_templates/PAQS_absorber_000136.fits,3.794429055241038,20.998439882534154,-1.6130990452243468,0.412417387017267,497.4243655844332,3.812595696390935
output/abs_templates/PAQS_absorber_000140.fits,2.147017131093566,20.841631617913745,-2.2882688073189925,-0.48958544343777594,354.99747650223605,3.553041201855317
output/abs_templates/PAQS_absorber_000140.fits,2.6079603032984005,21.47828508747111,-2.2389089936806243,-0.16658028651915927,325.0054312089914,3.553041201855317
output/abs_templates/PAQS_absorber_000140.fits,3.395369113732279,21.230184469581623,-1.1480619370835234,0.5040213835990075,372.58998497089465,3.553041201855317
output/abs_templates/PAQS_absorber_000140.fits,3.30867178236011,21.546792747671432,-1.4322358533319444,0.055938376737394824,300.2402891455517,3.553041201855317
output/abs_templates/PAQS_absorber_000142.fits,2.1092177994587162,20.866989812155225,-1.705634164016939,0.16985731273911972,416.2375024013569,2.426069118729238
output/abs_templates/PAQS_absorber_000147.fits,3.43286476696626,21.03773335479942,-1.2998364419191026,0.5511670272510104,278.99164249767716,3.551249200385693
output/abs_templates/PAQS_absorber_000147.fits,3.2781328223480917,20.350883439924132,-1.5175689544264372,0.13658128776065737,403.08273769651646,3.551249200385693
output/abs_templates/PAQS_absorber_000147.fits,2.8201503112560395,21.413037431188293,-0.7297679425079159,0.5761595797071399,404.1968606718319,3.551249200385693
output/abs_templates/PAQS_absorber_000158.fits,2.7431580509919735,21.173443393112557,-0.8568751489847451,0.542093932288352,413.2751994835065,3.4317777851703033
output/abs_templates/PAQS_absorber_000158.fits,2.8935547122054457,20.620162455711814,-1.014874237617052,0.8811953162442028,356.1606908353061,3.4317777851703033
output/abs_templates/PAQS_absorber_000160.fits,2.864928607151948,20.924543593236802,-1.9677684184577464,-0.021756396685858576,387.32564647189355,3.1184383662168473
output/abs_templates/PAQS_absorber_000161.fits,2.7337057829176246,20.65656740148158,-1.073679913132898,0.632526994623186,389.2035612793454,3.314372131847058
output/abs_templates/PAQS_absorber_000162.fits,2.318039565201565,20.49957371147596,-1.6217236622706719,0.05451639948437394,265.70274388917574,2.5717215138196234
output/abs_templates/PAQS_absorber_000165.fits,3.2865031794700674,21.319681411740703,-1.9089073301043027,-0.33156248341806016,466.3256739052944,3.5056558441243273
output/abs_templates/PAQS_absorber_000166.fits,2.2746782281148565,21.537074169052566,-1.478461870982993,0.27102876808561305,453.63207546274305,2.9218858628887996
output/abs_templates/PAQS_absorber_000167.fits,2.6453621798081985,20.62037255061856,-1.9450808993235784,0.16140615725560942,370.1491378406612,3.7142611938494503
output/abs_templates/PAQS_absorber_000167.fits,3.2628829181903365,21.1313152771927,-1.0891272576750493,0.3335999715179924,377.64245156221955,3.7142611938494503
output/abs_templates/PAQS_absorber_000168.fits,2.8647217781594607,20.873491802730147,-1.3301714801605853,-0.055268857796978654,209.50621285774938,3.4922817386504095
output/abs_templates/PAQS_absorber_000168.fits,3.296774951021465,20.798135498316864,-1.3841572431703006,0.05159084331573083,267.11803209662577,3.4922817386504095
output/abs_templates/PAQS_absorber_000171.fits,3.647555169805102,21.355636704367605,-1.7508464592307826,-0.1874662472809806,453.9060958462577,3.852030361589155
output/abs_templates/PAQS_absorber_000171.fits,3.6782592502777987,21.308191771174453,-1.2143466253297601,0.47270531327435045,375.9083195444452,3.852030361589155
output/abs_templates/PAQS_absorber_000173.fits,2.12529891498954,21.192959669901917,-1.437100371258736,0.11902150083087736,429.4462611940502,2.648814039754937
output/abs_templates/PAQS_absorber_000173.fits,2.6335155506030814,21.45295315155233,-1.2575857030308604,0.37834914286177856,264.8754266380497,2.648814039754937
output/abs_templates/PAQS_absorber_000179.fits,2.559028678023304,20.67274313814077,-0.5111659383962379,0.8458097603144676,331.3374824644258,3.2114427725472874
output/abs_templates/PAQS_absorber_000180.fits,2.4581902890345657,20.667791741118265,-1.3580044367532134,0.1597750602807373,429.72013079902246,3.033155238266207
output/abs_templates/PAQS_absorber_000184.fits,2.1032240716676966,20.35780330110416,-1.610389747653908,0.08225087580116822,257.43725857287933,3.1282883368129832
output/abs_templates/PAQS_absorber_000184.fits,2.287051796736345,21.379894858777806,-1.8530917877230917,-0.1905355176904719,239.6955498596264,3.1282883368129832
output/abs_templates/PAQS_absorber_000184.fits,2.7786220261917234,20.81718198934114,-0.8252440195232267,0.658378770552574,248.41160877577153,3.1282883368129832
output/abs_templates/PAQS_absorber_000188.fits,2.2462447148517435,21.2973423745013,-1.228090653643341,0.3819498025038194,346.01573248405344,3.84953136130673
output/abs_templates/PAQS_absorber_000188.fits,3.0870692806685094,20.61511143413434,-1.703615875488076,-0.18218890758584116,244.03434305748937,3.84953136130673
output/abs_templates/PAQS_absorber_000188.fits,3.1727493147072447,21.30111757051338,-1.9315639489112957,-0.31070149558831256,351.8110301238895,3.84953136130673
output/abs_templates/PAQS_absorber_000190.fits,2.244357341507777,20.789307425614247,-1.3564885497055335,0.41826972681223606,229.77063822867834,3.6037158762884896
output/abs_templates/PAQS_absorber_000190.fits,3.4467793421524697,21.03149362463344,-1.9774752450618835,-0.2177239314699789,342.31574713135404,3.6037158762884896
output/abs_templates/PAQS_absorber_000191.fits,2.8974724768210924,20.363089364281848,-1.3918751174821138,0.38323001342912055,373.60835932899664,2.929595487645969
output/abs_templates/PAQS_absorber_000193.fits,2.6442643197917777,20.86290678521667,-1.384331159793859,0.34122267691902436,420.15651186755616,3.0786407277475827
output/abs_templates/PAQS_absorber_000194.fits,2.659788825671037,21.35382865088137,-1.7222179456085454,0.050322033139733595,438.34745368510016,3.5538964773575605
output/abs_templates/PAQS_absorber_000199.fits,3.3060251163837737,21.78396024653331,-0.9608715667769794,0.58984166977902,210.2636824291545,3.6057317657963335
output/abs_templates/PAQS_absorber_000199.fits,3.458510560342649,21.38249459560892,-1.1567239628153205,0.3959197482643125,378.9836572778157,3.6057317657963335
output/abs_templates/PAQS_absorber_000200.fits,2.223572452077097,21.304965105780052,-1.4831117490600494,-0.008039968905619754,343.4515088447713,2.359825195138778
output/abs_templates/PAQS_absorber_000204.fits,2.679593644214909,20.328270893930114,-1.7856564791658673,-0.07362013170433156,354.3076862342766,3.810109596202787
output/abs_templates/PAQS_absorber_000204.fits,3.2280675768919336,20.426832843482767,-1.088225292630621,0.3936949976070768,496.92984104784614,3.810109596202787
output/abs_templates/PAQS_absorber_000204.fits,3.773609581835311,20.900109905612144,-1.4315804945629746,0.2497498864190575,279.79272405840373,3.810109596202787
output/abs_templates/PAQS_absorber_000208.fits,2.050027876889017,20.334060616391863,-1.8913363634683114,0.07790173133941741,299.8034297977584,2.4674137769383786
output/abs_templates/PAQS_absorber_000209.fits,2.1212117281117675,20.449809959181426,-1.3683143841058074,0.26358326524318576,201.86730571244226,2.9278969835515944
output/abs_templates/PAQS_absorber_000210.fits,3.491165822676025,20.676022563038746,-1.04041880455392,0.8654104192668148,270.7396199913429,3.5725910689706777
output/abs_templates/PAQS_absorber_000210.fits,3.1231572342800384,21.348188352968414,-0.8897190961678719,0.9259040226369121,263.5847680080641,3.5725910689706777
output/abs_templates/PAQS_absorber_000212.fits,2.6218137435003572,20.320833264171984,-1.4017249397626692,0.33448704815916375,263.1270862219528,2.8772734133029125
output/abs_templates/PAQS_absorber_000214.fits,3.31531989266338,20.772990838776604,-1.4566246942923573,0.045676444414278206,408.721656951393,3.468458973451187
output/abs_templates/PAQS_absorber_000214.fits,3.3927841802799605,21.363662783623077,-1.41830403691399,0.1763414757505062,288.6774731484316,3.468458973451187
output/abs_templates/PAQS_absorber_000214.fits,3.0143070847659157,21.491788593012245,-1.420798516675311,0.21445050862259424,409.807544987391,3.468458973451187
output/abs_templates/PAQS_absorber_000219.fits,3.2741167285075328,20.943488963155264,-2.2298140846999006,-0.17216728293869987,393.7735066384006,3.7043916574101172
output/abs_templates/PAQS_absorber_000220.fits,2.785241672175988,21.811069244666555,-1.2192309147407951,0.4208601711919846,351.28318376578994,3.4329242521066337
output/abs_templates/PAQS_absorber_000221.fits,2.233992824301323,21.807001468551494,-1.1159263803164439,0.6439990462760812,382.6622068164145,2.608172347522914
output/abs_templates/PAQS_absorber_000223.fits,3.0990386996922608,20.766792431249378,-0.8634031338267925,0.656123470850744,346.1887656206716,3.7312963936557515
output/abs_templates/PAQS_absorber_000224.fits,3.7414869725498736,21.099583861184364,-1.8245776022120537,-0.1046610996979625,401.9270983417398,3.80291736956618
output/abs_templates/PAQS_absorber_000225.fits,2.1400770148274844,20.645724405638777,-1.32310722592304,0.22383423158659482,229.59654817612926,3.7954124472763455
output/abs_templates/PAQS_absorber_000225.fits,3.4532060300414837,21.332764400927854,-0.7515630153113653,1.1065210676440653,215.29356918606965,3.7954124472763455
output/abs_templates/PAQS_absorber_000226.fits,2.4449916857333402,20.680081288694872,-1.3131758516788856,0.01403349208929594,447.3742816587751,3.625755203343969
output/abs_templates/PAQS_absorber_000226.fits,3.5485558493600817,20.608072332089492,-2.26767614472724,-0.4304817775429709,471.4835682351717,3.625755203343969
output/abs_templates/PAQS_absorber_000227.fits,2.2247825822317657,20.828954529381356,-1.326229099212643,0.1972053032412171,314.83360925776674,2.541642049699761
output/abs_templates/PAQS_absorber_000227.fits,2.4953245395892756,20.965257711625526,-0.704197926502285,0.8666039471900759,472.248459116445,2.541642049699761
output/abs_templates/PAQS_absorber_000230.fits,2.8388664465769216,20.641363314069803,-0.8881735385669213,0.6343454384440201,270.2455832569948,2.8651164123833732
output/abs_templates/PAQS_absorber_000231.fits,2.1559767412535886,21.12679739472267,-1.5184283479103218,-0.07828650497543405,411.70072054161346,3.774685904464878
output/abs_templates/PAQS_absorber_000231.fits,2.951256402475242,20.42291926311704,-1.2493690735672085,0.09841037966557298,329.96166346459745,3.774685904464878
output/abs_templates/PAQS_absorber_000238.fits,2.747517361902675,21.384509233467558,-1.4834768617636296,0.2544984144468779,490.74063223914135,2.8250938438731565
output/abs_templates/PAQS_absorber_000238.fits,2.8148015154226966,21.60144560592215,-1.721985089547629,-0.17390177338002905,362.5866990691989,2.8250938438731565
output/abs_templates/PAQS_absorber_000243.fits,2.983726770149186,21.3014272039733,-0.6410712390525499,0.37552212199950774,449.33905155939954,3.442764090147161
output/abs_templates/PAQS_absorber_000253.fits,2.732858807662004,20.54366227122859,-1.50430331156342,0.2291533920256439,324.6258278774135,3.287657690380465
output/abs_templates/PAQS_absorber_000254.fits,2.4197493141082895,21.058215962384992,-1.4637417778986836,0.23952256218256573,475.04696709273156,3.9918430864520005
output/abs_templates/PAQS_absorber_000254.fits,3.485871339180307,21.382437924858973,-2.117489300818619,-0.07984448972387981,466.91967097076656,3.9918430864520005
output/abs_templates/PAQS_absorber_000255.fits,3.905236551004434,20.523199567198095,-1.2995398526999984,0.4347067124659351,452.1001194226244,3.958680736461678
output/abs_templates/PAQS_absorber_000257.fits,2.135382616538749,20.330544364486315,-0.6064380466806194,0.8167032176345361,317.24933385697557,3.5988617592153007
output/abs_templates/PAQS_absorber_000257.fits,2.0950631494195155,21.078677422236574,-1.3860103423539967,0.08835194263640997,365.31738800212713,3.5988617592153007
output/abs_templates/PAQS_absorber_000257.fits,3.3632611724038437,21.335591073840945,-1.4452448528634316,0.2990874076622451,220.30666653839603,3.5988617592153007
output/abs_templates/PAQS_absorber_000259.fits,3.356072831042835,21.194496399382285,-1.5760909531052212,0.22347375087718716,279.0900468272753,3.833863416707758
output/abs_templates/PAQS_absorber_000259.fits,3.741088378303801,20.681203394193886,-1.66917227941385,-0.10727244239884959,377.33030076551756,3.833863416707758
output/abs_templates/PAQS_absorber_000259.fits,3.1718842201662536,20.46654410799339,-0.422635690182668,0.8085611682059133,283.2591864341677,3.833863416707758
output/abs_templates/PAQS_absorber_000265.fits,3.3795111143052363,21.331353227193286,-1.7112548887512808,0.19972960925953767,376.5124600687559,3.66797712330577
output/abs_templates/PAQS_absorber_000266.fits,2.557225385589529,21.06251873389092,-1.8721930418796875,-0.10549001233871669,270.25227499922124,3.3513851358489393
output/abs_templates/PAQS_absorber_000274.fits,3.7270428490134364,20.303061347324398,-0.18996075071732266,1.4027806935118627,345.0754553920742,3.7389929770685137
output/abs_templates/PAQS_absorber_000275.fits,2.7515412738883973,21.362702655868148,-1.2025481802679256,0.1692857720966149,428.9454559063522,3.864992396466988
output/abs_templates/PAQS_absorber_000275.fits,3.7471412072433505,21.41196617800339,-2.236754198599522,-0.35018934881489994,361.77609538836566,3.864992396466988
output/abs_templates/PAQS_absorber_000279.fits,2.7456197447155968,21.304352897483717,-1.2318982690235611,0.018749017935113965,329.8422342585735,3.0971212410725055
output/abs_templates/PAQS_absorber_000290.fits,2.0806417805924307,21.561869732745173,-2.755673744333008,-0.8269792577613237,439.9237324844015,3.135946620914802
output/abs_templates/PAQS_absorber_000294.fits,2.220388530043299,20.5884572231226,-1.9479507462889116,0.11899849224520914,499.98694977414175,2.9585363788355883
output/abs_templates/PAQS_absorber_000294.fits,2.5194392516130946,21.302666809700867,-1.5512925528046302,0.41331981779453075,253.96676140675845,2.9585363788355883
output/abs_templates/PAQS_absorber_000304.fits,2.34862451415879,21.20724488982401,-1.5003636243798655,0.030328386063146612,341.5788393708734,3.341570191047202
output/abs_templates/PAQS_absorber_000306.fits,2.9961116432676675,21.286491231083282,-1.07515948467774,0.507461810108462,205.95788357933063,3.177171261596647
output/abs_templates/PAQS_absorber_000306.fits,2.4910030553549234,21.508060596898847,-2.1393036703971564,0.026945446259984407,375.13989182697605,3.177171261596647
output/abs_templates/PAQS_absorber_000307.fits,2.811902138572884,21.46344673134716,-1.1215695664968233,0.47481604060390087,435.4201269266383,3.9664843805141095
output/abs_templates/PAQS_absorber_000307.fits,3.74309609207944,21.472730916366288,-1.5595743539759508,0.3529273734145255,307.3289014691711,3.9664843805141095
output/abs_templates/PAQS_absorber_000309.fits,2.249085270801462,21.47150241724352,-2.027927739362244,-0.2445030863988698,410.0186471521936,2.735968467913928
output/abs_templates/PAQS_absorber_000316.fits,3.211866052182442,20.325253820279165,-1.1076953443319049,0.34906062835245816,435.8298680460524,3.8460250643098566
output/abs_templates/PAQS_absorber_000317.fits,2.1565244238699313,20.31841026672623,-2.0126486613443446,-0.37844826341253857,414.3367892260633,3.815320211052916
output/abs_templates/PAQS_absorber_000317.fits,2.3654192926743765,20.409062550988438,-1.302573724214145,0.07841777418690421,359.3995004491943,3.815320211052916
output/abs_templates/PAQS_absorber_000317.fits,2.3435097714912683,21.38889679893176,-1.8112826291775552,0.1356133708989755,245.82871802949776,3.815320211052916
output/abs_templates/PAQS_absorber_000317.fits,3.419299303815997,20.84162315175853,-1.733285339323358,-0.4428105965477635,277.2790392268176,3.815320211052916
output/abs_templates/PAQS_absorber_000317.fits,3.076910928744658,21.4233595739985,-1.2759404828942793,0.26687477464292453,288.50113460195274,3.815320211052916
output/abs_templates/PAQS_absorber_000320.fits,2.201434539677019,21.08317169173336,-1.4224152098918983,0.0665702960228029,382.521840858382,2.7653703529999003
output/abs_templates/PAQS_absorber_000320.fits,2.4532850126163823,21.307051995877718,-0.6162146691645818,0.7792198150324664,439.28080581072106,2.7653703529999003
output/abs_templates/PAQS_absorber_000322.fits,2.395201311700495,20.53741545577373,-1.4417231734120568,-0.3234827760544998,357.86366974772966,3.628554604899821
output/abs_templates/PAQS_absorber_000325.fits,2.6123256959521113,20.810507494860865,-0.9951329519912228,0.7966413404892093,263.69888252359056,3.700243832576023
output/abs_templates/PAQS_absorber_000326.fits,2.6354687179260616,21.424868283392556,-1.7928534095967732,-0.3359510642455681,357.3390873618943,2.949184478529464
output/abs_templates/PAQS_absorber_000328.fits,3.213274637764757,20.970167956726733,-1.7368039343708146,0.09767965095941299,466.61516538675096,3.4413286013923106
output/abs_templates/PAQS_absorber_000329.fits,2.5980080914820585,20.599809231662434,-1.4361473623625436,-0.15080795539779185,253.12584493810107,2.9217189781163206
output/abs_templates/PAQS_absorber_000329.fits,2.3861856538636497,21.437915760725854,-2.1231017773663856,-0.8084760058155724,292.70604668766737,2.9217189781163206
output/abs_templates/PAQS_absorber_000337.fits,2.229921834931459,21.30920785737635,-1.5452829168830733,-0.17643463218727007,218.30741661900302,3.8982514242882083
output/abs_templates/PAQS_absorber_000337.fits,3.290990496705846,20.51496275039272,-1.1512078348961665,0.058916054960539754,435.9108963613409,3.8982514242882083
output/abs_templates/PAQS_absorber_000339.fits,2.62157360876483,21.04281858878495,-1.4566871667160466,0.46902499436294304,254.71039758978367,3.243346730973692
output/abs_templates/PAQS_absorber_000340.fits,2.2330371465517413,21.406570057840543,-1.0718591939119047,0.4583290582075697,421.2247773622439,3.232407932025132
output/abs_templates/PAQS_absorber_000342.fits,2.957296578839561,20.654619592648515,-1.4671146861263724,0.1256342688404452,391.4512598250233,3.291138267197605
output/abs_templates/PAQS_absorber_000342.fits,2.624672827984529,20.6354510612518,-1.235462549225948,0.34413359043354297,406.91911557618874,3.291138267197605
output/abs_templates/PAQS_absorber_000347.fits,2.1631798472449297,20.87399628515234,-1.617230480234156,-0.1146476370570022,365.1836345615441,2.3699025980884785
output/abs_templates/PAQS_absorber_000349.fits,3.268700212211089,20.730552254438756,-1.7192567405412742,-0.24106720769308077,403.0135336564829,3.442065027160668
output/abs_templates/PAQS_absorber_000356.fits,2.2145169413715515,21.297294601538578,-2.1555412380396772,-0.27926415492514156,300.41194654153765,3.7796792822074945
output/abs_templates/PAQS_absorber_000356.fits,3.6747475875506503,20.488721328970676,-1.8513759515633148,-0.30712979473191493,251.66196504176614,3.7796792822074945
output/abs_templates/PAQS_absorber_000358.fits,2.3349214057738106,20.760834638272904,-1.555601669945668,0.3665251563358003,489.96899054088885,2.887749935954691
output/abs_templates/PAQS_absorber_000358.fits,2.500863055309136,21.08543628140916,-1.1543508625428536,0.2711312767927213,471.3805767032404,2.887749935954691
output/abs_templates/PAQS_absorber_000358.fits,2.2449953307104593,20.662298629090127,-1.771429206928194,0.01137614731052844,234.5708049678478,2.887749935954691
output/abs_templates/PAQS_absorber_000361.fits,2.954462311339234,20.87835743794958,-1.2899063892040092,0.12452722021058488,313.15490043392106,3.2564279644604346
output/abs_templates/PAQS_absorber_000361.fits,2.560556850724334,21.31766917608976,-0.32439837189018705,1.0421675422598589,263.0691399282749,3.2564279644604346
output/abs_templates/PAQS_absorber_000362.fits,2.812901535774498,21.209378398541347,-0.9943519919513921,0.200378433193882,461.99240190363446,3.5200550247596225
output/abs_templates/PAQS_absorber_000364.fits,2.5224163120134055,21.31047118932992,-1.452047582332157,0.026744598259024505,329.69154824360277,3.242236438881566
output/abs_templates/PAQS_absorber_000368.fits,2.4657703667460207,20.34817650230487,-1.3376814443214942,0.2903139522534673,212.37097757555964,2.5964121807612615
output/abs_templates/PAQS_absorber_000370.fits,2.48984309819984,20.546011073485637,-1.003719980245764,0.34186677644316166,319.78853551889347,2.909463655792311
output/abs_templates/PAQS_absorber_000371.fits,2.110949845576424,21.69363708749798,-2.069038918406327,-0.7548503069786845,239.13753685024832,2.600949030513916
output/abs_templates/PAQS_absorber_000376.fits,2.2209326621315997,21.259927761094108,-1.3400034073205658,0.5114794677103125,231.91115132439882,2.521227347518332
output/abs_templates/PAQS_absorber_000378.fits,2.2047752282458846,21.03108611224356,-1.9796793192927782,-0.1420879379400349,222.60774197230418,2.4835000361653186
output/abs_templates/PAQS_absorber_000379.fits,2.6859131812827965,20.345031725066555,-1.2507299746286176,0.08689587190175391,276.1139237812274,3.8421948394493097
output/abs_templates/PAQS_absorber_000381.fits,2.4920027488483347,21.478688949309298,-1.6942970606607135,-0.2545844021271074,225.3002850959968,3.0205522543278267
output/abs_templates/PAQS_absorber_000384.fits,2.302287588277476,20.403918083010147,-1.669528232840544,-0.04723365667460351,292.54259487911446,3.6301936362723404
output/abs_templates/PAQS_absorber_000384.fits,3.519862599319592,21.392363275195372,-1.7348556986071417,0.1526978124787991,241.86834640537555,3.6301936362723404
output/abs_templates/PAQS_absorber_000385.fits,2.8089690082277774,20.98307664420415,-3.039976712159155,-0.8323044686885579,419.3171714069747,3.317170296783524
output/abs_templates/PAQS_absorber_000391.fits,2.7868456256779988,20.39506250387816,-1.3983775580541136,0.3801376408988978,233.30843713996288,3.6097370991562823
output/abs_templates/PAQS_absorber_000391.fits,3.137430796094288,21.36367662503191,-0.8210738941850545,0.2947151452932636,272.6037143256665,3.6097370991562823
output/abs_templates/PAQS_absorber_000394.fits,2.611308566348111,20.57954362756941,-2.3288806673718287,-0.4349800745647495,321.6283661213166,3.254805398978802
output/abs_templates/PAQS_absorber_000394.fits,2.7334622221554747,21.38031204146057,-1.7539750942097325,-0.29365489476821754,441.18670769888445,3.254805398978802
output/abs_templates/PAQS_absorber_000395.fits,2.130919897331484,21.406482131455466,-1.6899177945790667,0.09915742321273847,479.8506351112671,3.2366602211009843
output/abs_templates/PAQS_absorber_000398.fits,2.0906173281372906,21.891033541981653,-0.7382442101897794,0.5373509964203442,390.28533893806883,3.6692715824569344
output/abs_templates/PAQS_absorber_000400.fits,2.0746003726127045,21.19210980251059,-1.4989413160778764,0.29866272918126,463.32630204112377,2.6165146603731486
output/abs_templates/PAQS_absorber_000401.fits,3.012928544924015,20.843826755031486,-1.2656908663045363,0.41240175305357485,278.8880024874369,3.2554271003836046
output/abs_templates/PAQS_absorber_000401.fits,3.082461887207119,21.310803812630375,-1.3278833934233025,0.06037523992449967,380.9276357267406,3.2554271003836046
output/abs_templates/PAQS_absorber_000402.fits,2.070084670055163,20.446542408032403,-1.7631974081511896,0.167056266458374,303.21620852874526,2.679196303554915
output/abs_templates/PAQS_absorber_000405.fits,3.431476210294756,21.328856309232027,-1.1835001095996869,0.3798618046247285,378.02389243126703,3.577228293938152
output/abs_templates/PAQS_absorber_000405.fits,3.3419747546418392,21.379822549761382,-0.9011170433124869,0.6100886013066568,408.26077264254116,3.577228293938152
output/abs_templates/PAQS_absorber_000406.fits,2.208217363907036,21.68733279139413,-2.4092044487385147,-0.6931587134680791,269.90149184801254,3.227617399623
output/abs_templates/PAQS_absorber_000407.fits,3.73837965661333,21.15497359851172,-1.3954080867531968,0.5052581846793905,393.35951890666854,3.7618883932681486
output/abs_templates/PAQS_absorber_000409.fits,2.3088646203839067,21.45270495065899,-1.722195849400242,-0.16318702702842702,470.76711761653195,3.4098760289592294
output/abs_templates/PAQS_absorber_000411.fits,2.6325307828661244,20.584169227771252,-1.9453471293808275,-0.2839199781980109,435.4725420866942,3.2316747058471047
output/abs_templates/PAQS_absorber_000412.fits,2.1487322802006625,21.04747158289359,-1.2613383526648567,0.31867949960352393,375.42548184049105,3.663510223893891
output/abs_templates/PAQS_absorber_000412.fits,2.790225252021422,20.4045248451277,-1.4822586062018623,0.4648807444288789,450.95788085174854,3.663510223893891
output/abs_templates/PAQS_absorber_000412.fits,3.0610577782545163,21.565052659137674,-2.4188470218519025,-0.44352352415309765,288.2626244252094,3.663510223893891
output/abs_templates/PAQS_absorber_000413.fits,2.654737312859394,20.9408626428314,-0.499447513672163,0.8061119498303291,449.87987577200585,3.294984025205709
output/abs_templates/PAQS_absorber_000415.fits,2.7636501505858058,20.46107899479573,-1.4836238236015815,-0.06342733443457035,255.5516899763942,2.9777492069212164
output/abs_templates/PAQS_absorber_000415.fits,2.4328042965997057,21.369300340912694,-1.5728726932634964,0.058931713481201305,213.49580785701158,2.9777492069212164
output/abs_templates/PAQS_absorber_000415.fits,2.568304230302991,21.498601604337242,-1.640861251948697,-0.2084700566440313,220.1876287865945,2.9777492069212164
output/abs_templates/PAQS_absorber_000416.fits,3.703256512008644,20.476032159480596,-1.4704824505922474,0.09201160835586349,220.2475863792668,3.8871459207770007
output/abs_templates/PAQS_absorber_000418.fits,3.212355758326735,21.538477487821726,-0.9678145665876368,0.5316456088313216,217.30766336660884,3.8183561675395086
output/abs_templates/PAQS_absorber_000419.fits,2.5298224687367123,20.347146750056332,-0.5015720943491454,1.120958190227943,341.1968874829043,3.1748403079349936
output/abs_templates/PAQS_absorber_000421.fits,2.9218591755807024,20.53861882984806,-2.510785879265719,-0.79138526706733,212.28223276951218,3.549872626342929
output/abs_templates/PAQS_absorber_000422.fits,2.319614280595125,21.654601488241592,-1.1269314737378604,0.29987035140907214,301.0426281659957,3.68194358551189
output/abs_templates/PAQS_absorber_000426.fits,2.3879340241423015,21.06747153291726,-1.5507975926322524,-0.13273992799992124,246.83828839854812,2.572770015365144
output/abs_templates/PAQS_absorber_000427.fits,2.0579543269466,21.287355200534297,-0.9358219688354745,0.4730652522763584,340.1860486551501,3.9981966818842043
output/abs_templates/PAQS_absorber_000427.fits,2.6470810411613903,21.391850907502093,-1.0456546403119564,0.3968800835612807,316.6171787875555,3.9981966818842043
output/abs_templates/PAQS_absorber_000427.fits,3.6788712075767256,20.416240806823474,-0.47512324172177633,0.9492218900542331,259.4102793796703,3.9981966818842043
output/abs_templates/PAQS_absorber_000427.fits,3.7673227389122057,21.415904350325857,-2.4795427638216285,-0.16202706330556899,403.38190149371013,3.9981966818842043
output/abs_templates/PAQS_absorber_000431.fits,2.4131752424478843,21.248675352413162,-1.5021425830519968,0.08777857323930177,238.03786145353126,3.02971221781345
output/abs_templates/PAQS_absorber_000432.fits,2.6344491743795526,20.462480528572584,-1.4811462766610273,0.31212855519622573,268.21329843259514,3.988424110853851
output/abs_templates/PAQS_absorber_000432.fits,2.941297697177111,21.37984065772218,-1.1897691247585538,0.5008934027253011,355.4433181934411,3.988424110853851
output/abs_templates/PAQS_absorber_000433.fits,2.3251303395092844,20.88689112643445,-0.9352495197141922,0.5753803265426547,259.6407414247385,3.4444149370354995
output/abs_templates/PAQS_absorber_000433.fits,2.4113889907466377,21.36011869197184,-1.8369255500434631,0.240354456408729,475.09164402227356,3.4444149370354995
output/abs_templates/PAQS_absorber_000434.fits,2.3786692863422534,20.48617583459907,-1.2376762066987075,0.4796353798202393,498.804372786705,2.60918046454893
output/abs_templates/PAQS_absorber_000435.fits,2.6904600077326326,20.73567196419285,-1.1049603846347587,0.5874629221357265,211.58003494703834,3.0746993160390774
output/abs_templates/PAQS_absorber_000436.fits,2.7401992937548174,20.63376618575814,-1.6757579473926518,-0.009167081237992862,459.0389110557468,3.865022191137876
output/abs_templates/PAQS_absorber_000436.fits,3.57862394018066,20.829874793146384,-0.8120554458470385,0.7216578525583058,373.5691403987216,3.865022191137876
output/abs_templates/PAQS_absorber_000439.fits,2.6957534301812127,21.289441083129347,-1.4066260075813415,0.31821062593584853,481.7964619101702,3.543676591152273
output/abs_templates/PAQS_absorber_000440.fits,2.6265632582748553,20.879724060568087,-1.7894229804136537,-0.16426669257182094,484.2963831790692,3.858422434776407
output/abs_templates/PAQS_absorber_000440.fits,2.676397072685815,20.35696554088619,-1.1769977825692497,0.12311678445400892,459.6846841521744,3.858422434776407
output/abs_templates/PAQS_absorber_000440.fits,2.074051195436054,21.706047473371235,-2.0675522299811684,-0.10670168411146844,327.48477383006764,3.858422434776407
output/abs_templates/PAQS_absorber_000442.fits,3.0435319062713626,20.91659672111125,-0.9131696235253983,0.2722587449898806,370.0064651982633,3.556748015036134
output/abs_templates/PAQS_absorber_000443.fits,2.7031334564781506,21.51616929832483,-1.2240005845298918,0.589943390761849,432.7300963219311,3.928330238323195
output/abs_templates/PAQS_absorber_000443.fits,2.062675700507334,21.32528219816942,-1.085636458973122,0.5109800420742555,277.3057663086854,3.928330238323195
output/abs_templates/PAQS_absorber_000443.fits,3.1407888589990076,20.83683399367796,-2.3445391105948348,-0.4332452525751051,266.329067215449,3.928330238323195
output/abs_templates/PAQS_absorber_000443.fits,3.784477948697457,21.15431636989089,-1.5723880129932484,0.11864829402761055,283.6189766863745,3.928330238323195
output/abs_templates/PAQS_absorber_000443.fits,3.5852763325887946,21.626598887392852,-1.727518685612852,-0.22738887424017,205.13543214392627,3.928330238323195
output/abs_templates/PAQS_absorber_000443.fits,3.5568064636267476,21.3707702917334,-1.786531223633701,-0.162786898904422,315.10996394131496,3.928330238323195
output/abs_templates/PAQS_absorber_000445.fits,2.3565846472548055,20.70125028034245,-1.985242029299911,-0.2674644894339728,313.7513303000287,2.8700553947688916
output/abs_templates/PAQS_absorber_000448.fits,2.431159801028986,20.661770647166744,-2.3097922006721556,-0.6115946076371316,273.7115723141162,2.808877350713183
output/abs_templates/PAQS_absorber_000448.fits,2.2232324636522853,21.370213739208424,-1.6799430056451556,-0.14901965089779234,429.6554716464949,2.808877350713183
output/abs_templates/PAQS_absorber_000449.fits,2.14494859851543,21.547932457466842,-2.104263937521784,-0.3716542179266224,489.49893269841874,3.9451042737518662
output/abs_templates/PAQS_absorber_000449.fits,2.6569978475827156,21.323043252760517,-0.49607227392686326,0.4141547706567274,253.08758798067439,3.9451042737518662
output/abs_templates/PAQS_absorber_000449.fits,3.4990025683504355,20.4457048533885,-1.167489296741958,0.10514303898124028,417.7327377469227,3.9451042737518662
output/abs_templates/PAQS_absorber_000449.fits,3.5414366640468162,21.32173701516432,-1.6111798829400343,-0.2025590482112491,479.140726980609,3.9451042737518662
output/abs_templates/PAQS_absorber_000450.fits,2.6132948283237774,20.406988955575105,-1.3763510215628358,0.06705461543258392,433.9210491526261,3.346688936742475
output/abs_templates/PAQS_absorber_000451.fits,2.791345480046856,21.447562229678187,-1.1556421321272703,0.2256955696986717,427.8883643157445,2.807134788275647
output/abs_templates/PAQS_absorber_000454.fits,2.1231163665984645,21.540053092506902,-1.3780667420253099,0.0400528178868218,322.14904801000847,3.06694746359398
output/abs_templates/PAQS_absorber_000454.fits,2.805745628512488,21.379474863028417,-1.8940834998350922,0.021021265710035958,311.68045133387,3.06694746359398
output/abs_templates/PAQS_absorber_000454.fits,2.933220324760242,21.47235953949135,-1.3434348357363186,0.10321011925268064,279.53416161728893,3.06694746359398
output/abs_templates/PAQS_absorber_000455.fits,2.367637875384792,20.488088172789844,-2.1524421253789057,0.008985726569418595,420.1562269524752,3.014237423365916
output/abs_templates/PAQS_absorber_000457.fits,3.6510187601892725,20.841667013824186,-1.0212374272967355,0.5774095253375942,257.1642507893688,3.723225393752581
output/abs_templates/PAQS_absorber_000462.fits,2.4186199095705767,21.098721185041985,-1.669808827289071,0.1474356036889383,333.0504591901671,2.5601417879999584
output/abs_templates/PAQS_absorber_000462.fits,2.352934573279054,20.388467742646775,-1.1781060782517179,0.18799630444810156,420.08066627592905,2.5601417879999584
output/abs_templates/PAQS_absorber_000472.fits,2.664241040119196,21.097499153085053,-0.9758594567476406,0.545360333185427,488.2012119409421,3.2605601805392403
output/abs_templates/PAQS_absorber_000478.fits,3.822204530818946,21.379236980422835,-1.5723251252682635,-0.04399362303104226,336.7649936987748,3.9090439969270374
output/abs_templates/PAQS_absorber_000479.fits,2.3702103420278093,21.146192077874417,-0.8428961885701328,0.3855433533957191,272.8748182152141,2.827032157067718
output/abs_templates/PAQS_absorber_000483.fits,2.7760453015153206,21.43840829026424,-1.8967905664963507,-0.004571674921249214,477.0842361561255,3.2655505882295337
output/abs_templates/PAQS_absorber_000485.fits,2.2700922647249477,20.354852696768802,-1.9324303482440626,-0.16350874673416227,375.5718991920461,3.52041773183107
output/abs_templates/PAQS_absorber_000485.fits,3.136448478595732,21.38965976502483,-1.6134876985048971,0.20285834388002766,275.59658880192285,3.52041773183107
output/abs_templates/PAQS_absorber_000486.fits,2.582686256385298,20.771004948944533,-1.6780240885227182,0.18420398616177885,481.0253247642457,3.855963314017451
output/abs_templates/PAQS_absorber_000486.fits,3.54457326687567,21.05299979807999,-1.3013442188464222,0.30571324762301183,327.03993605541234,3.855963314017451
output/abs_templates/PAQS_absorber_000486.fits,3.2951823877818036,21.534154164886623,-1.1551825247009484,0.5107595713340023,463.3828058956675,3.855963314017451
output/abs_templates/PAQS_absorber_000488.fits,3.635265563993893,21.484300050009253,-1.0065182289084837,0.5560076262795484,245.39170594008434,3.953242500846698
output/abs_templates/PAQS_absorber_000490.fits,3.278642622086342,20.444305601930203,-1.4727690970582827,0.3032421999709824,447.1276973656642,3.9644973051228343
output/abs_templates/PAQS_absorber_000490.fits,3.6836570950206178,20.666890744364494,-1.7696562997164569,0.0417415297584294,394.5404674077268,3.9644973051228343
output/abs_templates/PAQS_absorber_000490.fits,3.46831813417848,20.719869844569946,-1.52632714661392,-0.17541649032952855,296.1766763091881,3.9644973051228343
output/abs_templates/PAQS_absorber_000493.fits,2.78455691979959,20.686445459683174,-1.4675560662672313,-0.029415517390991935,217.35831543933716,3.265121257665564
output/abs_templates/PAQS_absorber_000495.fits,2.7765635000919406,20.840379920873588,-1.2030776645736823,0.5152559377056694,462.75254933984564,3.4485852893187716
output/abs_templates/PAQS_absorber_000495.fits,2.956340086399284,20.779840224206396,-1.7170972250777619,0.03576229829475439,475.9608927094043,3.4485852893187716
output/abs_templates/PAQS_absorber_000498.fits,3.328583358139221,21.685208049347764,-1.0434600230070952,0.6172821529665968,434.0837977307244,3.405511805263317
output/abs_templates/PAQS_absorber_000502.fits,2.9151038627122987,21.192662110141374,-1.8638297834466773,0.16457970320856374,205.4662998468753,3.094248336785456
output/abs_templates/PAQS_absorber_000524.fits,2.3130857938285887,21.31927878418774,-1.6299114486748927,-0.1387613894688355,492.25839254126896,3.278279042123137
output/abs_templates/PAQS_absorber_000529.fits,2.1799812723241674,20.476981083252166,-2.6672837738296717,-0.8357420923034018,494.7594608409468,3.627313198245112
output/abs_templates/PAQS_absorber_000533.fits,2.2952675163944765,21.30338905789435,-1.1256886760289555,0.600036907926186,333.0328274736453,2.4218212056869435
output/abs_templates/PAQS_absorber_000534.fits,2.2364211098897373,20.53545244433499,-1.739116766076048,-0.34401832854528297,226.37258897209088,3.8284380389145927
output/abs_templates/PAQS_absorber_000535.fits,2.9609259469041285,20.416435702540262,-1.2437046883115956,0.37885222283940756,333.6663405926365,3.833744556507758
output/abs_templates/PAQS_absorber_000535.fits,2.9315269447601398,20.379597459925808,-1.7274557324089712,-0.0021808631426662403,357.62893816227506,3.833744556507758
output/abs_templates/PAQS_absorber_000538.fits,3.621646551046749,20.626404315065077,-2.511392553313449,-0.7659291132586084,376.7247974670635,3.808187611078602
output/abs_templates/PAQS_absorber_000538.fits,3.6665098878797293,21.343645422985166,-1.2941587694633492,0.294504029933422,277.4835990013433,3.808187611078602
output/abs_templates/PAQS_absorber_000538.fits,3.370876322252442,21.46969430600883,-2.39829502513092,-0.3844832193682479,267.13872690314065,3.808187611078602
output/abs_templates/PAQS_absorber_000539.fits,2.7614520755043417,20.505144239711303,-2.447835565365692,-0.5434356141041761,320.22007253744107,3.445601785172152
output/abs_templates/PAQS_absorber_000541.fits,3.281779345998931,20.474713661591686,-1.3369693609951743,0.4946768788885024,213.9647647139969,3.3277759932622106
output/abs_templates/PAQS_absorber_000542.fits,3.784398581562291,20.65102467251975,-1.4180614681593275,0.27401793540352204,270.8010771451502,3.8918766842885493
output/abs_templates/PAQS_absorber_000546.fits,2.860582915202367,20.471205066579845,-1.1359507383575587,0.3036744307458221,219.24166256225539,3.0065740906036655
output/abs_templates/PAQS_absorber_000547.fits,2.3958438590786644,20.522454345719996,-2.3842994050968565,-0.6542494550237486,249.70880664521502,2.7738452270105625
output/abs_templates/PAQS_absorber_000550.fits,3.9426428239840936,20.99401131904153,-1.2099212376880029,0.5398792479490406,203.466039789666,3.976573940918719
output/abs_templates/PAQS_absorber_000550.fits,3.6898582922014,21.377212548845478,-1.056193012295453,0.5321038892908418,381.19952209330256,3.976573940918719
output/abs_templates/PAQS_absorber_000554.fits,2.998913129376467,20.313548995736163,-2.212770531310108,-0.325731970178483,461.59273551343466,3.1102509590031477
output/abs_templates/PAQS_absorber_000554.fits,2.7208119430236444,20.301970426286914,-1.2454930389113659,0.2751403915124023,351.8638756841599,3.1102509590031477
output/abs_templates/PAQS_absorber_000555.fits,3.0895824225982946,20.446657462325557,-1.3603139336350656,0.6338531398727252,431.46103949135886,3.6902028197790395
output/abs_templates/PAQS_absorber_000556.fits,2.808290074690912,21.40275922559159,-0.7705456017495727,0.5080747225149098,475.58422570224167,3.9776619405348574
output/abs_templates/PAQS_absorber_000556.fits,3.6054189922889526,21.476535593346327,-0.9698789253798729,0.3909779747086218,215.6045112153362,3.9776619405348574
output/abs_templates/PAQS_absorber_000558.fits,2.0917181281210815,21.453223954112758,-2.5658054251696782,-0.18599555651258615,209.66651870303704,3.5387134860475657
output/abs_templates/PAQS_absorber_000559.fits,2.42135951222366,21.480507798163046,-2.1576696677171068,-0.11398799745847987,222.89009588295602,2.9043219074445537
output/abs_templates/PAQS_absorber_000565.fits,2.3065240698855005,21.245624300113324,-1.0201575467158441,0.31973840641399764,420.5363038252816,3.9148779470843333
output/abs_templates/PAQS_absorber_000565.fits,2.234091491212873,21.452428922868663,-0.9320608557546207,0.6415762808877529,319.9074410746105,3.9148779470843333
output/abs_templates/PAQS_absorber_000565.fits,3.264810979910525,21.33018406819699,-0.25943552678661663,0.9745958703866546,439.668741439777,3.9148779470843333
output/abs_templates/PAQS_absorber_000569.fits,2.0785959616472627,21.35971548405281,-0.9238703143981618,0.31202712846974917,202.15277755523823,2.502165017902813
output/abs_templates/PAQS_absorber_000570.fits,2.8947860261720813,21.330219210359832,-2.173958989132411,-0.06649217978733257,314.04728594496,3.1295814536384032
output/abs_templates/PAQS_absorber_000573.fits,3.0606619943364053,21.60240187771781,-2.1893326325262223,-0.5281427418418753,254.77736170473634,3.4632372361351473
output/abs_templates/PAQS_absorber_000577.fits,2.4575675620563717,21.40505597325466,-2.163120718558799,-0.41499137162635596,457.46269511419865,2.9143698731929586
output/abs_templates/PAQS_absorber_000578.fits,2.408829642860021,21.552675244871708,-1.1977999403641075,0.06003248320690141,444.0183680418073,2.5905788261908684
output/abs_templates/PAQS_absorber_000579.fits,2.8573690058095362,20.43151495976354,-1.3596849434467986,0.32999894710039734,229.47179230381252,3.4186883087125217
output/abs_templates/PAQS_absorber_000579.fits,2.6138483699274406,20.981706423350076,-0.9253664551122612,0.8299422084183508,347.3531411746183,3.4186883087125217
output/abs_templates/PAQS_absorber_000584.fits,2.731457317154604,21.01849547745481,-1.3026172575125288,0.445240747297737,268.8975694848592,2.8859173450531914
output/abs_templates/PAQS_absorber_000585.fits,2.1699517413240077,20.549729647182634,-2.148260021907442,-0.025893318146438804,214.0957070684959,2.9015811411613375
output/abs_templates/PAQS_absorber_000590.fits,3.7344929846299557,20.363994421243028,-1.318724641343903,0.07423498070416418,330.79161416368004,3.8518057245364314
output/abs_templates/PAQS_absorber_000590.fits,3.0661702395135775,20.48624150336262,-2.078669733897491,-0.3422471834710339,462.29710745734764,3.8518057245364314
output/abs_templates/PAQS_absorber_000590.fits,3.0495085133630004,21.606689714267507,-1.9402739497061863,-0.11796128414288348,289.531565331724,3.8518057245364314
output/abs_templates/PAQS_absorber_000591.fits,2.1436175555498087,20.71430133334404,-1.4860831122163087,0.27674723090376796,355.44107140202993,3.407596174149959
output/abs_templates/PAQS_absorber_000591.fits,2.5117966491285095,21.340164014624786,-1.9867571361310907,-0.2076671969687178,206.47865424684235,3.407596174149959
output/abs_templates/PAQS_absorber_000591.fits,2.4506166833013294,21.753251542131093,-1.364913228882593,0.41114585662855613,380.82564837494397,3.407596174149959
output/abs_templates/PAQS_absorber_000592.fits,2.14546923675234,20.510530487051017,-1.3816187929323975,0.13918731839123055,251.57863978306136,2.60760378472951
output/abs_templates/PAQS_absorber_000604.fits,2.6716170985231784,20.389333897414634,-1.3391163071840453,0.45314305985467873,227.72063230732715,3.775514791757823
output/abs_templates/PAQS_absorber_000604.fits,3.1432904349949875,21.675936823392625,-2.130946544894944,-0.04858019263845248,248.83275868952262,3.775514791757823
output/abs_templates/PAQS_absorber_000606.fits,2.5820913449767957,20.682095714245968,-1.4485856540304647,0.14310434419034582,203.6868039893185,2.8230846803382916
output/abs_templates/PAQS_absorber_000607.fits,2.8342269145557104,21.069322118683058,-1.7254087471015662,-0.38239287755961143,493.6143361149281,3.8819941694809277
output/abs_templates/PAQS_absorber_000607.fits,2.978642617196827,21.552378345075546,-1.1891368270492348,0.05125343903380086,244.09020340069563,3.8819941694809277
output/abs_templates/PAQS_absorber_000607.fits,3.452649919435801,21.401380592820193,-1.3459304830769243,0.34356993816326153,349.50824732396484,3.8819941694809277
output/abs_templates/PAQS_absorber_000610.fits,3.1888618517215326,20.33118989163196,-1.7468714161836947,-0.12451285074476855,478.4055080770797,3.995845445133501
output/abs_templates/PAQS_absorber_000610.fits,3.8599707436258894,20.572761709749738,-0.9115185735523189,0.455844688755775,461.00588233963737,3.995845445133501
output/abs_templates/PAQS_absorber_000610.fits,3.0580622190426197,21.490441037815746,-1.969820812258597,-0.16932075205913472,306.1481491915275,3.995845445133501
output/abs_templates/PAQS_absorber_000612.fits,2.6836546048234444,20.343482269083644,-0.9185939301379568,0.5232555797169897,401.65124370295786,3.9932026117480355
output/abs_templates/PAQS_absorber_000616.fits,2.1338912178155702,21.373205658604476,-0.31796549157358656,1.0239101295581516,288.1264471820694,2.3142918055584887
output/abs_templates/PAQS_absorber_000617.fits,2.8643492724584316,21.3178868441843,-2.0144202080820595,-0.348961377771371,238.317211670983,3.731158745670233
output/abs_templates/PAQS_absorber_000620.fits,3.8306729067496423,20.847033312880445,-1.9625314185743479,-0.2882093161689747,363.6684116376798,3.9608890624187447
output/abs_templates/PAQS_absorber_000620.fits,3.475974107888921,20.306113041315808,-1.6329020208549638,0.36394174774619076,292.23869168444185,3.9608890624187447
output/abs_templates/PAQS_absorber_000626.fits,3.9798807576992767,21.284281580400574,-2.096464334535713,-0.6655057651992868,417.43396737344017,3.9823544612569273
output/abs_templates/PAQS_absorber_000626.fits,3.421364673102933,20.313500086074693,-1.812167684317636,-0.4225695476340774,437.36704456386826,3.9823544612569273
output/abs_templates/PAQS_absorber_000626.fits,3.768048957722028,21.238469235539974,-0.7857318175481635,0.7501406430823705,455.1365626119772,3.9823544612569273
output/abs_templates/PAQS_absorber_000628.fits,2.1135828476856635,20.45871571715587,-1.0425109155511834,0.6250828569574642,283.84098057972426,2.2215952127684337
output/abs_templates/PAQS_absorber_000631.fits,2.168820653889271,20.765658612679285,-1.923163662946433,-0.16523514531396796,477.83401437130965,2.2264546894817085
output/abs_templates/PAQS_absorber_000632.fits,3.560672580497787,20.80615672578839,-1.3357898477088697,-0.13873223657015032,274.01824807922753,3.773576780234787
output/abs_templates/PAQS_absorber_000632.fits,3.582378650889654,21.060308430313327,-1.9914364365954336,-0.1838781765834304,208.98203025344455,3.773576780234787
output/abs_templates/PAQS_absorber_000634.fits,3.1718764707198615,21.59343553741654,0.05895031120461258,1.2364567510432853,486.36244927018265,3.9204101964988314
output/abs_templates/PAQS_absorber_000636.fits,2.1184030708294106,21.625809650432075,-0.8409122963778352,0.37692947482360556,263.10054200973394,2.593477890929507
output/abs_templates/PAQS_absorber_000637.fits,2.255138235468821,21.520552754042203,-1.902744460552075,0.12651961291380281,400.5018613574777,2.547122997100776
output/abs_templates/PAQS_absorber_000641.fits,3.254423741210551,21.018749636640052,-2.8308417978069436,-0.9266692012834142,393.9913910395087,3.831244479335588
output/abs_templates/PAQS_absorber_000642.fits,3.6960909764776795,20.632125050152528,-1.797094330508778,-0.0970017049076161,436.413819007268,3.8094503103369677
output/abs_templates/PAQS_absorber_000645.fits,3.653864255954574,20.579577135494567,-1.4272420313760428,0.4212648361023723,495.779765693304,3.935272540704423
output/abs_templates/PAQS_absorber_000645.fits,3.287701390363182,21.572706984369372,-1.6384380838983974,0.06054188247664485,303.1896508207533,3.935272540704423
output/abs_templates/PAQS_absorber_000647.fits,3.0818376794667555,20.98566507069171,-2.613681369432334,-0.7424183081584528,282.01580190198536,3.83981656635859
output/abs_templates/PAQS_absorber_000647.fits,3.4083685482087342,21.493619603263074,-1.1160070170251621,0.301747238303505,318.80464751657826,3.83981656635859
output/abs_templates/PAQS_absorber_000648.fits,3.193364182015771,21.08909031138526,-1.7863190977467749,-0.33606152843087866,407.91056876705335,3.648522654815583
output/abs_templates/PAQS_absorber_000648.fits,3.016263111842288,20.851432778468062,-1.613050807827687,0.3957917674910923,330.7666661264319,3.648522654815583
output/abs_templates/PAQS_absorber_000649.fits,2.1824562350471064,21.05673960833323,-1.5359163415772188,0.2591408916734311,465.48270266222335,2.7705776208266872
output/abs_templates/PAQS_absorber_000650.fits,2.60398598507052,20.851305679964774,-1.4210836730324314,0.1810350292399152,361.98615471405816,3.693643042589108
output/abs_templates/PAQS_absorber_000650.fits,2.619429819246375,20.600495505045433,-2.158550745554716,0.03907168390050203,316.14131352489255,3.693643042589108
output/abs_templates/PAQS_absorber_000650.fits,3.333093822657605,21.693919652049285,-0.6082142379269202,1.049467624410618,317.7660023950398,3.693643042589108
output/abs_templates/PAQS_absorber_000653.fits,2.358505437423531,21.32244658642003,-1.7255275179445777,-0.28705355302500635,221.95955393653026,3.408974040095301
output/abs_templates/PAQS_absorber_000653.fits,2.6592253595673574,20.903084411231365,-2.2760316986326576,-0.34321104287850496,471.68893035314767,3.408974040095301
output/abs_templates/PAQS_absorber_000653.fits,3.2656326260664237,20.509402203392344,-1.7942291572634657,0.10826873744246265,242.25434942220357,3.408974040095301
output/abs_templates/PAQS_absorber_000653.fits,3.3156151082580543,21.483863757469177,-0.8337269628525296,1.0111002583418536,467.11098371600866,3.408974040095301
output/abs_templates/PAQS_absorber_000654.fits,2.7054803077659972,21.521413069535743,-1.6996018752366282,0.23045081649127463,375.8372163706398,2.7476052277260035
output/abs_templates/PAQS_absorber_000656.fits,2.7382303498015372,21.49402589684875,-1.2528912217938803,0.22673383390460505,254.09022258924958,3.315515660303782
output/abs_templates/PAQS_absorber_000663.fits,2.9832782204945585,21.50254712938822,-1.8222593330807142,-0.1276902769527812,469.76499757742135,3.497934545989005
output/abs_templates/PAQS_absorber_000664.fits,2.8660957817185935,21.493505956561126,-1.003596557326952,0.4104825280552898,425.64471780191394,3.7251213373951124
output/abs_templates/PAQS_absorber_000665.fits,3.2199721603240765,21.388460382855673,-1.5749450423457398,-0.029989103724272353,216.25176121156056,3.6268762165745327
output/abs_templates/PAQS_absorber_000672.fits,2.4270395387107664,21.52183223674715,-1.7837044852015513,0.0643138727322961,422.7722687833159,2.616076558897203
output/abs_templates/PAQS_absorber_000673.fits,2.1571882884948934,21.3229974285792,-1.5700849743751883,0.22333275291858817,482.06955481341896,2.8431957965285397
output/abs_templates/PAQS_absorber_000675.fits,2.4168070326451807,20.45322048650071,-1.4606303100937534,0.028288002989623612,405.973584693785,3.6644594977958405
output/abs_templates/PAQS_absorber_000676.fits,2.5104006862100783,20.836462141674108,-2.119386901283628,0.11088057083181996,315.3321728648187,2.9497347079791627
output/abs_templates/PAQS_absorber_000680.fits,2.5132189583837388,20.30783768772305,-1.533893512532247,0.35010304376593815,464.89596743331623,2.9720498409218377
output/abs_templates/PAQS_absorber_000682.fits,3.3053607871147306,20.64713071610333,-1.091322460629598,0.5324096909156767,282.9476972608819,3.3338961457597662
output/abs_templates/PAQS_absorber_000682.fits,2.657857918969666,20.68545880406707,-2.00221212570305,0.03948482469590919,430.39798496128435,3.3338961457597662
output/abs_templates/PAQS_absorber_000683.fits,2.7199909099128146,20.995046985670292,-1.0211421250373731,0.34570748795858786,420.7205276068353,2.8370559338409906
output/abs_templates/PAQS_absorber_000684.fits,2.415037918902797,21.75239852738299,-0.2792093604271495,0.9391909599134698,414.12884704378064,3.9785001599000864
output/abs_templates/PAQS_absorber_000686.fits,2.66363418584839,20.668534623505934,-1.7936284807559721,-0.32213246564522763,491.987359729422,3.58525394207394
output/abs_templates/PAQS_absorber_000686.fits,2.384009618364364,21.512512042839255,-1.3754315437544182,-0.06345002597117788,361.95167964134487,3.58525394207394
output/abs_templates/PAQS_absorber_000688.fits,2.1211031616488936,21.39180033643828,-1.617440633439917,-0.14740041339868168,394.8656511786183,2.25179961556256
output/abs_templates/PAQS_absorber_000689.fits,3.6285885860948595,20.373009851173066,-1.4269717642972095,0.4892939605477104,397.4529964260515,3.9771940712887455
output/abs_templates/PAQS_absorber_000689.fits,3.442172653119802,21.41279104167753,-0.4257775449053136,0.7025337276078452,201.7311997151388,3.9771940712887455
output/abs_templates/PAQS_absorber_000694.fits,3.6120132305615655,20.404891522526277,-1.9280987410375803,-0.2707108117059117,451.7310614689243,3.690838518436644
output/abs_templates/PAQS_absorber_000696.fits,2.767712893514187,21.403320388978063,-1.5780748960686224,0.5949859448369842,226.02524173379413,3.136041992921254
output/abs_templates/PAQS_absorber_000698.fits,2.5259362843803954,21.133741965089015,-1.0910495054742606,0.35273787479404345,462.10367224699525,3.152776047325912
output/abs_templates/PAQS_absorber_000700.fits,2.498406032708067,20.33829970067363,-2.320291752924616,-0.2763799685411624,443.65092775727265,3.6427405833341027
output/abs_templates/PAQS_absorber_000700.fits,2.776261719449052,20.58938400845484,-1.8782374188898363,-0.10219552005442524,418.01788832584157,3.6427405833341027
output/abs_templates/PAQS_absorber_000700.fits,2.7336148744939184,21.448985327908794,-1.5263533842199768,0.11306205667366376,388.4883545833077,3.6427405833341027
output/abs_templates/PAQS_absorber_000702.fits,2.068584683535012,21.202873782499967,-1.919543327448356,-0.1768791437054633,434.7910741581376,3.1330977686383417
output/abs_templates/PAQS_absorber_000704.fits,2.92401728391217,20.86007734367416,-0.8874335340399301,0.8899296267492567,402.34611945463655,3.420677738901611
output/abs_templates/PAQS_absorber_000708.fits,2.058723418933282,20.552630960384395,-1.210325261457788,0.3141053160715987,306.3383524042593,3.3300925265196777
output/abs_templates/PAQS_absorber_000710.fits,2.403390357515286,20.360399012457055,-1.2157983062278825,0.5697294841602224,485.6507883086248,2.8893640332892745
output/abs_templates/PAQS_absorber_000711.fits,2.931485779811989,21.42971264470097,-1.2551083278762012,0.20635842400056434,387.9658145054971,3.5844754800785354
output/abs_templates/PAQS_absorber_000716.fits,2.831660353440733,20.387810603433458,-0.8538590328891871,0.565332258691145,233.32504846125198,2.8637878515833814
output/abs_templates/PAQS_absorber_000717.fits,2.472823845467235,20.42811159437431,-2.0192860593881132,0.07397424087318272,383.2791892179042,2.6458571975817184
output/abs_templates/PAQS_absorber_000717.fits,2.0743609286868865,20.392279536046917,-1.860571703076802,-0.19051890840062696,338.0531071137389,2.6458571975817184
output/abs_templates/PAQS_absorber_000720.fits,2.5137758501361263,20.544136261725633,-0.9550321831111354,0.44399673085177876,395.3909323646918,3.6921494071233125
output/abs_templates/PAQS_absorber_000720.fits,3.2444591690248754,20.3914364026535,-0.8935527568010787,0.7560790621753343,333.5975703754135,3.6921494071233125
output/abs_templates/PAQS_absorber_000722.fits,3.4652960921477147,20.89844314590786,-0.9955313615698859,0.22885971175520042,310.4954955811768,3.7410421823516993
output/abs_templates/PAQS_absorber_000722.fits,2.9657120510365527,21.359739371736094,-1.6740765596189524,0.10356798043383494,427.7984516250095,3.7410421823516993
output/abs_templates/PAQS_absorber_000725.fits,2.416063886639909,22.277811031586317,-1.1442694433428255,0.4793253500465343,382.1135848664228,2.9391437357424914
output/abs_templates/PAQS_absorber_000726.fits,2.888850444250946,21.328978065529313,-2.0613368331434847,-0.18194020142290313,341.9030580804162,3.1583452582085716
output/abs_templates/PAQS_absorber_000727.fits,2.431309827692637,20.718370053510302,-1.542939881965562,0.5170370615446271,365.50596845699806,3.3962286241894315
output/abs_templates/PAQS_absorber_000728.fits,2.387443055172792,21.136012397503205,-1.338439258573767,0.22125071643065755,265.0685565312508,3.736080061952641
output/abs_templates/PAQS_absorber_000728.fits,2.057181016590624,21.413164123555763,-1.2020715934764787,0.22870179518205971,340.0579730667131,3.736080061952641
output/abs_templates/PAQS_absorber_000728.fits,3.5224354459659106,21.340463750025133,-1.2986729619230368,0.2635941053188868,252.32145354044826,3.736080061952641
output/abs_templates/PAQS_absorber_000731.fits,2.081733822115147,20.31813558212929,-0.9460690199917795,0.6628096867606302,253.01429982355216,3.286141220375986
output/abs_templates/PAQS_absorber_000731.fits,2.932582453865678,20.689196521425888,-1.9368745790799013,0.01863060769932287,394.7375785835568,3.286141220375986
output/abs_templates/PAQS_absorber_000732.fits,2.8230274858934026,20.392614293399447,-2.127138738684403,-0.1124559715876898,471.4757970633404,3.217632101087133
output/abs_templates/PAQS_absorber_000734.fits,3.420000695650011,21.660328675425614,-1.4748195004216968,0.37318600801541213,424.53312372561015,3.8525423773204572
output/abs_templates/PAQS_absorber_000735.fits,2.1716507629160846,20.37789803123996,-0.7515417737611042,0.7883715251892552,230.9115918364904,3.060615164383136
output/abs_templates/PAQS_absorber_000736.fits,3.345037454817554,20.51146426849312,-1.7482889380243265,0.12797112286267762,297.26569545701466,3.524952916177696
output/abs_templates/PAQS_absorber_000742.fits,2.5821909557603147,21.60234161122316,-0.6536238097234514,0.5665420300161876,204.71016202272145,3.9361450430297147
output/abs_templates/PAQS_absorber_000742.fits,2.9598036580932283,21.987151317013314,-1.6667241984992627,0.31213426128592126,491.89592847328294,3.9361450430297147
output/abs_templates/PAQS_absorber_000745.fits,2.0938189831935863,21.235517694279796,-0.9033279909809931,0.5563059308231115,336.96670203995825,2.666956101255872
output/abs_templates/PAQS_absorber_000748.fits,2.7239038095432777,20.713175995278085,-1.0797505092735018,0.6479899181012625,293.40417338784584,3.2975175059235013
output/abs_templates/PAQS_absorber_000748.fits,3.2435453146706,20.55396027126147,-1.3102140675146041,0.11268522500466868,446.27336052475357,3.2975175059235013
output/abs_templates/PAQS_absorber_000749.fits,2.208601417225638,21.334555286026557,-1.4305364660731876,0.33551842248165564,409.46237659022825,3.520457757435229
output/abs_templates/PAQS_absorber_000749.fits,2.7231069217861874,20.600518768113997,-1.1465430537278232,0.466809488719669,229.38490265421922,3.520457757435229
output/abs_templates/PAQS_absorber_000749.fits,3.449567906862577,20.95599836962535,-0.6776259129190488,0.646100067513155,244.13179095959975,3.520457757435229
output/abs_templates/PAQS_absorber_000751.fits,2.2873655503070784,21.06053150302684,-0.8803719469306522,0.5599998453687699,428.5158898666983,2.5493625212785638
output/abs_templates/PAQS_absorber_000752.fits,2.904099591727574,20.9853708101413,-1.8112695444775724,-0.0035967223089825792,493.6936595499451,3.5759225321918207
output/abs_templates/PAQS_absorber_000754.fits,2.2923322826910746,20.544697075249218,-1.240771169731224,0.4195595082409668,302.7798528291149,3.5081385590466585
output/abs_templates/PAQS_absorber_000754.fits,2.5573495283776024,20.650075540131695,-1.312902208412185,0.10188456401266088,323.33853682062704,3.5081385590466585
output/abs_templates/PAQS_absorber_000754.fits,3.506933350677521,21.30692369117899,-2.593419951633618,-0.8240530120985199,482.63439758731306,3.5081385590466585
output/abs_templates/PAQS_absorber_000755.fits,3.112051610021461,21.34170364208216,-1.470938872669971,0.11471576099804555,352.9114605517688,3.227569332967663
output/abs_templates/PAQS_absorber_000755.fits,2.718216595143919,21.36976019294759,-1.9533516787771752,0.048099830310135705,209.9287152503099,3.227569332967663
output/abs_templates/PAQS_absorber_000755.fits,2.5534003751072882,21.323894268967326,-1.3110342486148165,0.1313483169831883,390.68124322294284,3.227569332967663
output/abs_templates/PAQS_absorber_000757.fits,2.4844052973304502,20.662213765520825,-1.37757837943468,0.35330054715850673,482.3724123388501,3.611102778712289
output/abs_templates/PAQS_absorber_000757.fits,3.1846195044685572,21.52182510114811,-1.2617315481991402,0.4140040367954061,375.90807417429846,3.611102778712289
output/abs_templates/PAQS_absorber_000758.fits,3.2672440613155316,21.097044881574327,-1.8287036217876003,0.09143526301822877,207.80181768706834,3.4217343891760734
output/abs_templates/PAQS_absorber_000760.fits,3.622841222886341,20.69252785294918,-1.8090065899665835,-0.18196171567471353,272.43435458349575,3.7215562080597935
output/abs_templates/PAQS_absorber_000760.fits,3.1453725317707804,21.707904668879365,-2.156373106979066,-0.7562616868497951,326.17522975543767,3.7215562080597935
output/abs_templates/PAQS_absorber_000764.fits,3.882444248053696,20.81684223838369,-2.6856723938289946,-0.6297847946886395,343.64114230226295,3.899204658906629
output/abs_templates/PAQS_absorber_000765.fits,3.6703341806551317,21.401240229070662,-2.1857064604830723,0.01770073765022201,355.0659331407991,3.8299315285657856
output/abs_templates/PAQS_absorber_000768.fits,2.056672303703362,20.71571022375882,-1.8020017565086317,-0.06359837812049879,278.33892180324847,3.696286691848434
output/abs_templates/PAQS_absorber_000768.fits,3.6120293421258998,21.42875722676368,-1.736158104391988,-0.14840968839154473,425.50889527779964,3.696286691848434
output/abs_templates/PAQS_absorber_000769.fits,2.496468126635854,20.66967603362102,-1.0492811040627665,0.5411099588478097,275.755163037786,2.6059502661965803
output/abs_templates/PAQS_absorber_000772.fits,3.481515731035661,20.668953004478382,-2.359162405480069,-0.7553436320834408,203.56432488869714,3.8127551902884846
output/abs_templates/PAQS_absorber_000772.fits,3.3815790302760655,20.480524152299694,-1.718434037882442,-0.08981209866094667,308.05978517912905,3.8127551902884846
output/abs_templates/PAQS_absorber_000772.fits,2.924267211158609,20.3941745037673,-0.6497342900336627,1.0364816107986963,343.82912013551294,3.8127551902884846
output/abs_templates/PAQS_absorber_000777.fits,2.7041949294315897,20.368501320007944,-0.9849282883862654,0.7201095724824288,370.2889350257739,2.896231678139925
output/abs_templates/PAQS_absorber_000781.fits,2.25845969033025,21.379169106137827,-1.2902354851773499,0.03292604603496602,366.60939358388293,3.0331713142820362
output/abs_templates/PAQS_absorber_000781.fits,2.31885428307255,20.52250976472794,-0.9657554232868363,0.6446577943510146,455.63341748948875,3.0331713142820362
output/abs_templates/PAQS_absorber_000787.fits,2.4097461212678635,21.479598924886133,-1.6107960846412746,0.054074994297805226,391.16289826386145,3.8691765698230114
output/abs_templates/PAQS_absorber_000787.fits,2.7704673802135615,21.45316576074411,-1.409251147213473,0.18761529234895663,279.05991156408413,3.8691765698230114
output/abs_templates/PAQS_absorber_000788.fits,2.294159046655688,21.51724762094072,-1.2401045230024572,0.33395910054421285,256.8398178868033,3.547350547238118
output/abs_templates/PAQS_absorber_000788.fits,2.728679756423262,21.32203569610967,-1.6833310123450784,0.07486465383995128,413.6061421601888,3.547350547238118
output/abs_templates/PAQS_absorber_000788.fits,3.335589339155006,21.442698362482858,-2.8223010995972397,-0.878930958999661,387.85348682693757,3.547350547238118
output/abs_templates/PAQS_absorber_000790.fits,2.1262680779183096,21.55703832427562,-1.1946139800208722,0.4974340106814382,266.140107628274,2.302580872707747
output/abs_templates/PAQS_absorber_000791.fits,3.03636626276615,21.470564474228826,-1.821313530055624,-0.21292298500133908,256.3870080877741,3.628147786776654
output/abs_templates/PAQS_absorber_000795.fits,2.80266884086716,21.32298570232993,-1.080575173375406,0.3991906715095165,322.02109330414834,3.503707043903372
output/abs_templates/PAQS_absorber_000799.fits,2.4840524811565396,20.53157552962878,-1.5215809571577967,0.03620294191621325,411.4215361846034,3.7308852667828987
output/abs_templates/PAQS_absorber_000801.fits,2.2472786624737635,20.62322954870408,-1.5233040996646692,0.09641415948883784,293.71792982134616,2.4058880159243072
output/abs_templates/PAQS_absorber_000804.fits,2.9919707386099303,21.324513778943942,-2.2725427248466783,-0.3312492615057343,478.9466640802314,3.4372750091637774
output/abs_templates/PAQS_absorber_000805.fits,2.110087447104389,20.75533569325284,-2.001560981713838,-0.4255852544106305,292.91185489194686,2.9839628227221873
output/abs_templates/PAQS_absorber_000805.fits,2.939384913200095,21.08621146293823,-1.593338443949132,0.17447595615902356,483.0268910357356,2.9839628227221873
output/abs_templates/PAQS_absorber_000807.fits,2.07626131634051,20.628465366337252,-1.545327899697327,0.23535744256859814,206.29536249830676,2.8523982929840384
output/abs_templates/PAQS_absorber_000809.fits,2.0910729436763242,21.41457857864857,-1.5394765616436654,0.5882361363073363,323.07480392608267,2.933029518811409
output/abs_templates/PAQS_absorber_000809.fits,2.7809448279281166,21.65709450569907,-2.30531636959082,-0.645642467718116,239.24695732716683,2.933029518811409
output/abs_templates/PAQS_absorber_000811.fits,3.2590179419346352,21.4088218178398,-0.9589943847386352,0.391034193703041,385.08682430443514,3.882585349516278
output/abs_templates/PAQS_absorber_000811.fits,3.745653437473589,21.53969110096606,-1.3950889295945423,0.19570852164447705,269.6562168583001,3.882585349516278
output/abs_templates/PAQS_absorber_000816.fits,2.0721415876897566,20.76313364066256,-1.4835311477525333,0.23813719245214718,490.5632896810932,3.0998441696812042
output/abs_templates/PAQS_absorber_000816.fits,2.7140786757904642,21.048775260260232,-1.8990161051751095,0.19922038825097665,411.8571247857458,3.0998441696812042
output/abs_templates/PAQS_absorber_000817.fits,2.5866513598207748,21.56680210710846,-1.442776281859267,0.3606989889187404,418.2981501779485,3.725773404244891
output/abs_templates/PAQS_absorber_000823.fits,2.5528555103348523,21.70634214644256,-1.4073855328968425,0.2708033846850872,299.0624937891445,3.8146456720793855
output/abs_templates/PAQS_absorber_000823.fits,3.2865931217177895,20.77641653681585,-1.8590955463598768,-0.48587753314519383,497.9451814322837,3.8146456720793855
output/abs_templates/PAQS_absorber_000827.fits,2.9783542102208527,20.629902942269503,-2.16069133324604,-0.5216039602732585,414.7162091300549,3.1338620123654843
output/abs_templates/PAQS_absorber_000827.fits,2.372442756776814,20.524702599761838,-1.3116289043025815,0.40425284197021805,480.26435705505776,3.1338620123654843
output/abs_templates/PAQS_absorber_000831.fits,2.741877695747348,21.10520391962054,-1.9411497727069529,-0.2958533971103846,287.41344892747054,2.8138401572209237
output/abs_templates/PAQS_absorber_000838.fits,2.1013246383214694,21.37037858046256,-1.5692078798533955,0.06138407252208887,470.79520023984725,2.539558967945309
output/abs_templates/PAQS_absorber_000842.fits,2.593005467789646,21.174151990231792,-1.0210627655854494,0.529441616965641,496.54207720961375,2.8408758934052694
output/abs_templates/PAQS_absorber_000846.fits,2.3459559658390527,21.143200487994207,-1.2698548839975592,0.2673712472988054,418.2358940469511,3.9105853561391983
output/abs_templates/PAQS_absorber_000846.fits,2.568011095786205,20.83252238163472,-0.9839288151716847,0.609924685847407,210.44544375554597,3.9105853561391983
output/abs_templates/PAQS_absorber_000846.fits,3.811639580196159,20.627770373845035,-1.2463425566075133,0.4460457062357249,422.3142697689077,3.9105853561391983
output/abs_templates/PAQS_absorber_000846.fits,3.605842313483423,20.627117771917263,-0.5004564534160874,0.9066042097759127,332.1843533908584,3.9105853561391983
output/abs_templates/PAQS_absorber_000848.fits,2.2265267344373947,20.958953039431655,-1.7868891622314789,-0.2063476999897584,472.4870602239813,2.6419924007463287
output/abs_templates/PAQS_absorber_000848.fits,2.2880375153988104,21.360016426427915,-1.3757655745727284,0.7096788329387691,357.07408042672523,2.6419924007463287
output/abs_templates/PAQS_absorber_000849.fits,3.2763440130660832,20.640211171701733,-1.2478585977400232,0.28582783355192803,420.7714595452595,3.3775795138807947
output/abs_templates/PAQS_absorber_000853.fits,2.7018525979406856,20.500518545989152,-2.445028398817371,-0.3669383346383055,251.16344519717816,3.5635310906023316
output/abs_templates/PAQS_absorber_000863.fits,2.654561161895057,21.70547329046378,-1.4858572135305252,0.2822919752586669,358.68928457129505,3.1340173629429655
output/abs_templates/PAQS_absorber_000866.fits,3.8296302651666165,21.43039186628526,-1.7168585390490094,0.05814302664013879,207.23519675418052,3.9684299896927264
output/abs_templates/PAQS_absorber_000868.fits,2.484842006299644,21.354967690134988,-0.8867711959063952,0.3763757228630983,292.81670348893704,3.4344972721912828
output/abs_templates/PAQS_absorber_000870.fits,2.856150482345927,20.80320080824918,-1.7572978299907769,-0.18531864095324146,268.39321947405335,3.2148111451761636
output/abs_templates/PAQS_absorber_000872.fits,2.589419852225342,21.682918462585356,-1.3597824948175603,0.13853137238006633,366.6810976455944,3.4010573214058724
output/abs_templates/PAQS_absorber_000873.fits,2.4624261942497934,20.74372821409986,-1.6724866793728463,0.19300012310911263,481.58498227702466,2.835302592243153
output/abs_templates/PAQS_absorber_000874.fits,2.576951327652697,21.53598985309224,-1.5005087118971552,0.3952269721904196,435.63958167547713,2.8188804252212103
output/abs_templates/PAQS_absorber_000877.fits,3.1975993205233726,21.01988064499979,-0.9457461028025224,0.3810904503570407,355.03722438763236,3.8040438740715494
output/abs_templates/PAQS_absorber_000877.fits,2.930526281227276,20.739918017848183,-2.1892474867961087,-0.806285328822575,458.0564486576333,3.8040438740715494
output/abs_templates/PAQS_absorber_000877.fits,3.5202257688818777,20.5611092932804,-1.847324433252338,-0.18579336937641105,294.55068236344266,3.8040438740715494
output/abs_templates/PAQS_absorber_000881.fits,2.915552527796314,20.7132013381126,-1.620463182538442,0.11974257666876754,475.266254763219,3.997491476464547
output/abs_templates/PAQS_absorber_000881.fits,3.7148106469928277,21.309290816161116,-1.2956719640634946,0.04943757608346039,268.6846047006277,3.997491476464547
output/abs_templates/PAQS_absorber_000885.fits,2.3621033133487987,20.400885517042223,-1.2624091431178557,0.19083339546944902,288.34481157905464,3.9562377139146117
output/abs_templates/PAQS_absorber_000886.fits,3.1574769004665484,21.331439560774836,-1.6018744744303974,-0.1146141180106327,492.3492110267177,3.7437995629032796
output/abs_templates/PAQS_absorber_000887.fits,2.6257205663281673,20.725395603335645,-1.4690870607710016,0.1867117512510989,256.59674325834294,3.18280945966276
output/abs_templates/PAQS_absorber_000899.fits,3.5496876312895145,20.47668337151022,-2.3635237949031898,-0.158133926727843,260.30756751896706,3.887319042328519
output/abs_templates/PAQS_absorber_000900.fits,2.083861580802726,20.42185475737234,-1.7036934794232639,0.3088671354395513,463.76507052669496,3.4757672626445855
output/abs_templates/PAQS_absorber_000900.fits,3.0380078042785654,20.309751921872298,-1.8513262119750051,0.06861826116249195,225.901465505495,3.4757672626445855
output/abs_templates/PAQS_absorber_000900.fits,3.032549350193087,20.901058860390325,-2.216966884934463,-0.17255369212581753,360.2650275656138,3.4757672626445855
output/abs_templates/PAQS_absorber_000901.fits,2.426405545919652,21.09944976600873,-1.6461529914120132,0.24484890309010776,203.50833651955327,3.049131885415594
output/abs_templates/PAQS_absorber_000901.fits,2.4976330031993648,21.358568153111236,-1.3964955612185397,0.40653871402254654,420.6615132115952,3.049131885415594
output/abs_templates/PAQS_absorber_000902.fits,3.210322462222851,21.04190854352829,-0.8847868884723784,0.5127044345404668,248.8859647053974,3.65770728017905
output/abs_templates/PAQS_absorber_000903.fits,2.2655914776554216,21.426523973378906,-0.6530915722086548,0.7333834849000734,331.0398819746439,2.7949287015428874
output/abs_templates/PAQS_absorber_000905.fits,2.3578274938819677,20.76491534342242,-2.2820241661032217,-0.47604557627718036,438.7345178201268,2.373544894539872
output/abs_templates/PAQS_absorber_000906.fits,3.3327676422957406,21.822603750291464,-1.5221874694764517,0.25611736511227434,427.2774571616068,3.7344281350961914
output/abs_templates/PAQS_absorber_000908.fits,2.5711089898964024,21.525305120236393,-1.439766090614114,0.11640273217653146,329.8882131113887,3.3810173392663874
output/abs_templates/PAQS_absorber_000921.fits,3.782580049140157,21.197390160403135,-1.6066809613573148,0.291162902382069,442.0179887254244,3.878125353772971
output/abs_templates/PAQS_absorber_000925.fits,2.0854312704969797,21.47958344271111,-1.474081631189983,0.38083662314283695,469.5301061468863,3.046593087609758
output/abs_templates/PAQS_absorber_000927.fits,3.5637458491675025,20.580244974771375,-1.8599748950967494,-0.16222322987844956,431.4312022145643,3.68451384758876
output/abs_templates/PAQS_absorber_000928.fits,2.390423803265496,20.69991000849687,-0.7103744257298849,0.5041302201217827,432.9006404090817,2.532993953639294
output/abs_templates/PAQS_absorber_000931.fits,2.7133475486147987,21.434869736030816,-2.2217013421294514,-0.45207863177498964,223.7584888867319,3.9594505746498423
output/abs_templates/PAQS_absorber_000932.fits,2.4351693773182097,21.09131704720394,-0.8585307362053641,0.5160298021665652,213.67452837407942,3.573643534578757
output/abs_templates/PAQS_absorber_000935.fits,2.365545688385402,21.4272663091634,-1.0850588256484492,0.7875476705024469,214.31705931291202,3.8070787489888
output/abs_templates/PAQS_absorber_000935.fits,3.1235531025740406,21.3065801742837,-1.80054696307245,-0.17695126425176694,475.74138960586293,3.8070787489888
output/abs_templates/PAQS_absorber_000936.fits,3.1962474171544857,20.444529398675844,-2.0738083807734125,-0.4676154056303944,360.2042018082127,3.3859219402626284
output/abs_templates/PAQS_absorber_000938.fits,2.2632772793227787,20.38208034147078,-1.7533770242010553,0.09189256539457812,401.6562517686914,3.2956226247730123
output/abs_templates/PAQS_absorber_000940.fits,3.1078956290509594,20.4311820229858,-1.1711950253574985,0.5236223631144242,378.730808571471,3.8643810006608437
output/abs_templates/PAQS_absorber_000950.fits,3.128124144739946,20.807173634522325,-1.8285147736647855,0.17666037337667473,473.01410632122276,3.4868745724653487
output/abs_templates/PAQS_absorber_000951.fits,2.6876636250923074,20.650917186405295,-1.5707464403098292,0.2847607498731788,424.18652656225936,3.1511138317384626
output/abs_templates/PAQS_absorber_000954.fits,2.8715734404182025,21.330503947071165,-1.7920917710467525,0.16058276897721901,225.1240777791053,3.7429132048332336
output/abs_templates/PAQS_absorber_000954.fits,3.216862515268641,21.45116095609734,-0.6533543465391801,0.9522500741491948,261.1383266060632,3.7429132048332336
output/abs_templates/PAQS_absorber_000957.fits,3.1985144414385553,21.479260964089704,-1.649677312047244,0.20637912081701637,260.8652083399679,3.468751959346033
output/abs_templates/PAQS_absorber_000962.fits,3.39988859670302,20.370942107669627,-2.181528118733347,-0.14417109482545454,369.79320677764775,3.6060518890674658
output/abs_templates/PAQS_absorber_000964.fits,2.542393825581774,21.082118722787612,-1.979464851073876,0.1370337271155726,449.5947439316626,3.710341162755128
output/abs_templates/PAQS_absorber_000966.fits,2.1942176601188548,20.51675947538957,-1.0852571740175327,0.5921002512237774,368.3311360545389,2.370093950045739
output/abs_templates/PAQS_absorber_000967.fits,2.5770852395159007,21.55707005964291,-1.412192005336556,0.13191070382670067,245.45944001676133,3.6207892517281
output/abs_templates/PAQS_absorber_000968.fits,3.3411558566299226,21.502898843995588,-1.174647959369909,0.33150555995839615,455.0192676347209,3.5148856450978543
output/abs_templates/PAQS_absorber_000972.fits,2.597753152223046,20.374330571929153,-0.1828244085675792,1.4398799384155452,411.1979441409153,2.6967818314975887
output/abs_templates/PAQS_absorber_000978.fits,3.104049205292918,21.34124652129214,-1.5264050194103906,0.4276686877130623,463.75841992049743,3.467601783733329
output/abs_templates/PAQS_absorber_000978.fits,3.424988712846876,21.64117226671525,-1.0178972559825892,0.623765089261051,260.0260749602477,3.467601783733329
output/abs_templates/PAQS_absorber_000979.fits,3.2512672267227947,20.716263320236017,-1.8750540081360008,-0.18394136384904947,408.9841248807043,3.9245982029174655
output/abs_templates/PAQS_absorber_000979.fits,3.7815591322720996,21.44143982658062,-2.204814584399331,-0.2297476401251347,409.8891851480917,3.9245982029174655
output/abs_templates/PAQS_absorber_000979.fits,3.2445957218230443,21.403964384591344,-1.84348007191864,-0.18011404047082186,248.07770511404394,3.9245982029174655
output/abs_templates/PAQS_absorber_000979.fits,3.6182082404618514,21.35667044557644,-2.5433991365029014,-0.6295793166922421,289.6153942197537,3.9245982029174655
output/abs_templates/PAQS_absorber_000983.fits,2.5303887164194205,20.41616479538354,-2.0080421922942406,-0.25881116110467867,433.3348672637279,3.1309097779709947
output/abs_templates/PAQS_absorber_000983.fits,3.116261225943761,20.750237808981773,-1.9362260103385949,-0.2527587073077605,422.65301838357715,3.1309097779709947
output/abs_templates/PAQS_absorber_000986.fits,2.3899241165992606,20.609152010883548,0.6769157674625603,1.7644869203799058,362.0286730414746,2.510736220975363
output/abs_templates/PAQS_absorber_000987.fits,2.20951484346765,21.46524019500571,-1.384280770046707,0.21602718176096608,309.83473995037144,2.964391026290876
output/abs_templates/PAQS_absorber_000987.fits,2.7841735994586605,20.37451589742671,-1.5516002772960178,0.10480084701003822,494.6166639268465,2.964391026290876
output/abs_templates/PAQS_absorber_000989.fits,2.3518085155478996,21.30709627489442,-2.182077642510947,-0.36052528582841303,486.08469417941865,3.258407529250926
output/abs_templates/PAQS_absorber_000989.fits,2.4692905606979627,21.377273406655924,-1.7624059780619628,0.17493629570685623,336.38699931863584,3.258407529250926
output/abs_templates/PAQS_absorber_000990.fits,2.720140338355143,20.5819495647843,-1.6369066590372776,0.0392586895293055,480.11133481153854,3.9835735672497368
output/abs_templates/PAQS_absorber_000991.fits,2.7840723184857907,21.049823616358434,-1.4586231851422695,0.19126273992458984,448.59778945038397,3.53091124212851
output/abs_templates/PAQS_absorber_000994.fits,3.6228545201269107,20.495343372945182,-1.3037512283640884,0.48911521488305404,273.1558781301908,3.8269631922527063
output/abs_templates/PAQS_absorber_000994.fits,3.3534479454818604,21.58618844331643,-0.7706302135534432,0.9158324774905453,244.73088900700841,3.8269631922527063
output/abs_templates/PAQS_absorber_000996.fits,2.4973106342614093,20.880921802538662,-1.338413026786412,0.4122129223151158,259.0813574055207,3.630927366749664
